{"stats":{"minecraft:custom":{"minecraft:interact_with_furnace":41,"minecraft:mob_kills":40,"minecraft:interact_with_crafting_table":28,"minecraft:damage_dealt_resisted":105,"minecraft:leave_game":1,"minecraft:time_since_death":10567,"minecraft:time_since_rest":10590,"minecraft:sprint_one_cm":221960,"minecraft:damage_taken":3568,"minecraft:walk_one_cm":273316,"minecraft:drop":34,"minecraft:damage_dealt":5153,"minecraft:fly_one_cm":294120,"minecraft:open_chest":20,"minecraft:crouch_one_cm":53905,"minecraft:play_time":119979,"minecraft:deaths":11,"minecraft:sneak_time":16205,"minecraft:walk_under_water_one_cm":12440,"minecraft:jump":1900,"minecraft:walk_on_water_one_cm":2143,"minecraft:total_world_time":119979,"minecraft:fall_one_cm":38588},"minecraft:picked_up":{"minecraft:birch_log":17,"born_in_chaos_v1:staffof_magic_arrows":1,"born_in_chaos_v1:corpse_maggot":7,"minecraft:crafting_table":3,"minecraft:feather":2,"minecraft:chicken":1,"minecraft:andesite":11,"minecraft:leather":9,"biomesoplenty:fir_sapling":10,"minecraft:birch_planks":5,"biomesoplenty:fir_log":103,"undead_revamp2:huntereye":1,"minecraft:cobblestone_stairs":4,"minecraft:dirt":36,"minecraft:raw_copper":44,"minecraft:bone":5,"minecraft:wheat_seeds":13,"biomesoplenty:fir_planks":9,"minecraft:iron_ingot":1,"minecraft:beef":18,"minecraft:furnace":2,"biomesoplenty:toadstool":18,"minecraft:stick":3,"minecraft:torch":12,"born_in_chaos_v1:ethereal_spirit":2,"minecraft:gravel":2,"minecraft:porkchop":3,"minecraft:arrow":2,"minecraft:rotten_flesh":9,"minecraft:mutton":2,"minecraft:coal":21,"minecraft:cobblestone":591,"minecraft:wheat":2},"minecraft:mined":{"minecraft:cobblestone_stairs":4,"minecraft:crafting_table":3,"minecraft:torch":1,"gravestone:gravestone":9,"minecraft:grass_block":7,"biomesoplenty:fir_planks":8,"minecraft:tall_grass":1,"minecraft:copper_ore":13,"minecraft:cobblestone":2,"biomesoplenty:sprout":2,"minecraft:wall_torch":8,"minecraft:birch_planks":4,"minecraft:furnace":2,"biomesoplenty:toadstool":7,"minecraft:birch_log":16,"minecraft:andesite":12,"biomesoplenty:fir_log":88,"minecraft:grass":38,"minecraft:coal_ore":22,"biomesoplenty:fir_leaves":11,"minecraft:gravel":3,"minecraft:dirt":19,"biomesoplenty:fir_sapling":3,"minecraft:stone":602,"minecraft:fern":58},"minecraft:crafted":{"minecraft:cooked_beef":18,"minecraft:wooden_sword":1,"minecraft:cobblestone_slab":12,"minecraft:cooked_porkchop":3,"minecraft:crafting_table":3,"minecraft:cooked_chicken":1,"minecraft:wooden_pickaxe":1,"minecraft:furnace":5,"minecraft:cobblestone_stairs":84,"minecraft:birch_planks":68,"minecraft:stone_axe":2,"minecraft:cooked_mutton":2,"minecraft:air":0,"biomesoplenty:fir_planks":272,"minecraft:shield":1,"minecraft:stick":40,"minecraft:stone_pickaxe":6,"minecraft:stone_sword":2,"minecraft:chest":6,"minecraft:torch":68,"biomesoplenty:fir_door":3},"minecraft:dropped":{"biomesoplenty:toadstool":8,"minecraft:stone_axe":1,"minecraft:wheat_seeds":6,"minecraft:cooked_chicken":1,"minecraft:oak_log":1,"minecraft:stone_sword":1,"born_in_chaos_v1:ethereal_spirit":2,"minecraft:cobblestone":92,"minecraft:rotten_flesh":13,"biomesoplenty:fir_planks":16,"born_in_chaos_v1:monster_skin":1,"minecraft:wooden_axe":1,"born_in_chaos_v1:corpse_maggot":1,"gravestone:obituary":3,"minecraft:wooden_sword":1,"minecraft:wooden_pickaxe":1,"minecraft:stone_pickaxe":1,"born_in_chaos_v1:staffof_magic_arrows":2},"minecraft:killed":{"minecraft:pig":2,"undead_revamp2:thehunter":1,"minecraft:spider":2,"born_in_chaos_v1:decrepit_skeleton":2,"born_in_chaos_v1:scarlet_persecutor":1,"minecraft:zombie":4,"minecraft:chicken":1,"born_in_chaos_v1:corpse_fly":8,"undead_revamp2:therod":1,"endofherobrine:sheep":7,"undead_revamp2:sucker":2,"minecraft:cow":8},"minecraft:used":{"minecraft:cooked_mutton":2,"minecraft:stone_sword":113,"minecraft:cobblestone_stairs":53,"minecraft:birch_planks":56,"minecraft:stone_pickaxe":653,"minecraft:chest":6,"minecraft:wooden_pickaxe":21,"biomesoplenty:fir_planks":125,"minecraft:cobblestone_slab":12,"minecraft:rotten_flesh":3,"minecraft:torch":50,"minecraft:dirt":9,"minecraft:crafting_table":5,"born_in_chaos_v1:staffof_magic_arrows":4,"minecraft:stone_axe":182,"minecraft:cobblestone":1,"biomesoplenty:fir_door":2,"minecraft:furnace":7,"minecraft:cooked_porkchop":1,"minecraft:cooked_beef":11},"minecraft:killed_by":{"man:managgresive":1,"apollyon:the_damned":1,"undead_revamp2:sucker":2,"minecraft:player":1,"minecraft:creeper":1,"born_in_chaos_v1:scarlet_persecutor":2,"endofherobrine:sheep":1,"undead_revamp2:thebeartamer":1},"minecraft:broken":{"minecraft:stone_pickaxe":4}},"DataVersion":3465}