{"stats":{"minecraft:mined":{"minecraft:dark_oak_planks":22,"minecraft:cobblestone_stairs":5,"minecraft:grass_block":11,"minecraft:spawner":3,"undead_revamp2:bostroxore":1,"minecraft:cobbled_deepslate":10,"minecraft:fire":5,"minecraft:iron_ore":67,"minecraft:dark_oak_stairs":7,"minecraft:azalea":1,"biomesoplenty:jacaranda_leaves":7,"minecraft:melon_stem":1,"born_in_chaos_v1:infected_deepslate_diamond_ore":2,"minecraft:torch":6,"minecraft:melon":10,"minecraft:nether_quartz_ore":70,"minecraft:cobblestone":33,"deep_dark_regrowth:overloaded_sculk":2,"minecraft:wall_torch":13,"minecraft:birch_log":16,"minecraft:wheat":45,"biomesoplenty:fir_log":88,"minecraft:grass":58,"minecraft:oak_log":7,"minecraft:dark_oak_sapling":2,"minecraft:dirt":26,"biomesoplenty:fir_sapling":3,"born_in_chaos_v1:infernal_evil_pumpkin_s":1,"minecraft:netherrack":33,"minecraft:oak_leaves":4,"minecraft:deepslate":55,"minecraft:diamond_ore":2,"minecraft:tuff":21,"deep_dark_regrowth:sculk_soil":5,"minecraft:dark_oak_leaves":7,"minecraft:deepslate_diamond_ore":11,"minecraft:dark_oak_log":55,"minecraft:sea_lantern":2,"born_in_chaos_v1:infected_diamond_ore":1,"deep_dark_regrowth:large_ancient_vase_top":3,"minecraft:glow_lichen":1,"gravestone:gravestone":22,"minecraft:moss_block":6,"biomesoplenty:jacaranda_log":97,"minecraft:redstone_ore":1,"deep_dark_regrowth:ancient_vase":2,"minecraft:furnace":3,"minecraft:carrots":75,"biomesoplenty:toadstool":7,"minecraft:andesite":12,"minecraft:stripped_spruce_log":33,"minecraft:potatoes":37,"minecraft:deepslate_iron_ore":98,"biomesoplenty:jacaranda_door":1,"minecraft:stone":635,"minecraft:glass_pane":5,"minecraft:crafting_table":3,"deep_dark_regrowth:large_ancient_vase_top_west":2,"biomesoplenty:fir_planks":8,"biomesoplenty:stripped_jacaranda_log":1,"minecraft:copper_ore":13,"minecraft:tall_grass":7,"minecraft:lapis_ore":7,"biomesoplenty:sprout":2,"minecraft:deepslate_gold_ore":4,"endofherobrine:mossy_stone_bricks":2,"minecraft:sculk":28,"minecraft:diorite":1,"minecraft:birch_planks":5,"minecraft:coal_ore":44,"biomesoplenty:fir_leaves":11,"minecraft:gravel":3,"minecraft:cobweb":2,"minecraft:cracked_stone_bricks":3,"minecraft:fern":59},"minecraft:killed":{"born_in_chaos_v1:restless_spirit":2,"minecraft:spider":3,"born_in_chaos_v1:scarlet_persecutor":1,"minecraft:skeleton":3,"minecraft:chicken":8,"undead_revamp2:therod":1,"minecraft:pig":8,"arphex:spider_jump":1,"born_in_chaos_v1:diamond_termite":10,"minecraft:zombie_villager":1,"born_in_chaos_v1:bone_imp":2,"undead_revamp2:thebeartamer":1,"minecraft:creeper":1,"minecraft:sheep":1,"minecraft:zombie":10,"born_in_chaos_v1:dread_hound":1,"born_in_chaos_v1:corpse_fly":15,"minecraft:cow":10,"minecraft:evoker":1,"minecraft:vex":1,"undead_revamp2:thehunter":2,"minecraft:vindicator":5,"born_in_chaos_v1:thornshell_crab":1,"born_in_chaos_v1:zombie_bruiser":1,"born_in_chaos_v1:firelight":1,"arphex:hornet_harbinger":3,"arphex:long_legs_fly":1,"born_in_chaos_v1:corpse_fish":1,"undead_revamp2:sucker":2,"undead_revamp2:the_moonflower":1,"born_in_chaos_v1:decrepit_skeleton":3,"born_in_chaos_v1:dark_vortex":1,"endofherobrine:sheep":7,"minecraft:villager":1},"minecraft:broken":{"minecraft:stone_pickaxe":4,"minecraft:stone_axe":2},"minecraft:dropped":{"minecraft:moss_block":4,"minecraft:oak_log":5,"minecraft:baked_potato":1,"minecraft:cooked_porkchop":1,"minecraft:music_disc_13":2,"born_in_chaos_v1:monster_skin":1,"gravestone:obituary":10,"minecraft:wooden_sword":1,"minecraft:iron_pickaxe":4,"minecraft:bone":25,"biomesoplenty:toadstool":8,"minecraft:stone_axe":1,"minecraft:cooked_chicken":1,"born_in_chaos_v1:ethereal_spirit":2,"minecraft:rotten_flesh":18,"minecraft:carrot":1,"born_in_chaos_v1:corpse_maggot":3,"minecraft:water_bucket":1,"minecraft:wheat_seeds":6,"minecraft:poisonous_potato":1,"minecraft:cobblestone":92,"minecraft:prismarine_crystals":6,"minecraft:stick":8,"minecraft:diorite":1,"minecraft:torch":1,"minecraft:wooden_axe":1,"minecraft:melon_slice":5,"born_in_chaos_v1:staffof_magic_arrows":2,"minecraft:string":7,"minecraft:stone_sword":1,"biomesoplenty:fir_planks":16,"minecraft:diamond_pickaxe":1,"minecraft:stone_pickaxe":3,"minecraft:wooden_pickaxe":1},"minecraft:picked_up":{"minecraft:wheat":47,"minecraft:enchanted_book":3,"minecraft:string":6,"minecraft:raw_copper":44,"minecraft:netherite_ingot":2,"minecraft:cobbled_deepslate":61,"biomesoplenty:fir_planks":15,"minecraft:azalea":1,"minecraft:iron_pickaxe":3,"minecraft:melon_slice":114,"minecraft:furnace":3,"minecraft:stick":7,"minecraft:torch":61,"minecraft:porkchop":17,"minecraft:diorite":1,"minecraft:rotten_flesh":17,"minecraft:carved_pumpkin":1,"minecraft:cobblestone":659,"minecraft:birch_log":17,"born_in_chaos_v1:staffof_magic_arrows":1,"minecraft:feather":8,"minecraft:water_bucket":1,"minecraft:andesite":11,"biomesoplenty:fir_log":103,"minecraft:potato":83,"biomesoplenty:fir_sapling":10,"minecraft:tuff":10,"undead_revamp2:huntereye":1,"minecraft:silence_armor_trim_smithing_template":1,"minecraft:lapis_lazuli":35,"minecraft:dirt":46,"minecraft:bone":19,"minecraft:wheat_seeds":132,"minecraft:raw_gold":4,"minecraft:moss_block":5,"biomesoplenty:toadstool":18,"minecraft:music_disc_13":1,"minecraft:poisonous_potato":1,"minecraft:stripped_spruce_log":31,"minecraft:fermented_spider_eye":1,"minecraft:dark_oak_log":165,"deep_dark_regrowth:etherium_gem":5,"minecraft:diamond":31,"deep_dark_regrowth:unbreakability_seal":8,"minecraft:emerald":5,"born_in_chaos_v1:rotten_fish":2,"minecraft:netherrack":29,"minecraft:diamond_pickaxe":1,"minecraft:crafting_table":3,"born_in_chaos_v1:diamond_termite_shard":11,"minecraft:chicken":8,"biomesoplenty:jacaranda_sapling":5,"gravestone:obituary":2,"minecraft:beef":21,"minecraft:echo_shard":16,"deep_dark_regrowth:sculk_soil":4,"deep_dark_regrowth:soul_of_the_depths":2,"minecraft:dark_oak_sapling":6,"minecraft:raw_iron":183,"minecraft:carrot":166,"minecraft:redstone":4,"minecraft:prismarine_crystals":6,"minecraft:dark_oak_planks":19,"minecraft:arrow":7,"biomesoplenty:jacaranda_log":112,"born_in_chaos_v1:spiny_shell":4,"minecraft:gold_ingot":4,"minecraft:totem_of_undying":1,"minecraft:mutton":4,"minecraft:white_wool":1,"minecraft:rail":1,"deep_dark_regrowth:sculk_bone":4,"born_in_chaos_v1:corpse_maggot":11,"minecraft:leather":11,"minecraft:birch_planks":6,"biomesoplenty:jacaranda_door":1,"minecraft:oak_log":14,"minecraft:cobblestone_stairs":5,"deep_dark_regrowth:cerebrawl":1,"minecraft:iron_ingot":1,"minecraft:stone_pickaxe":1,"deep_dark_regrowth:mechanical_yaw":1,"minecraft:dark_oak_stairs":6,"deep_dark_regrowth:plasma_chunk":8,"born_in_chaos_v1:ethereal_spirit":6,"minecraft:quartz":60,"minecraft:gravel":2,"born_in_chaos_v1:dark_rod":1,"undead_revamp2:rawbostrox":1,"deep_dark_regrowth:dungeon":1,"minecraft:stone_axe":1,"minecraft:baked_potato":1,"minecraft:melon_seeds":1,"minecraft:coal":45},"minecraft:custom":{"minecraft:animals_bred":4,"minecraft:interact_with_crafting_table":69,"minecraft:open_barrel":5,"minecraft:bell_ring":1,"minecraft:leave_game":7,"minecraft:time_since_death":110702,"minecraft:damage_resisted":93,"minecraft:sprint_one_cm":982544,"minecraft:damage_blocked_by_shield":1984,"minecraft:drop":74,"minecraft:talked_to_villager":2,"minecraft:play_time":533136,"minecraft:deaths":25,"minecraft:jump":7608,"minecraft:walk_on_water_one_cm":34085,"minecraft:interact_with_furnace":126,"minecraft:sleep_in_bed":9,"minecraft:damage_dealt":20627,"minecraft:player_kills":5,"minecraft:crouch_one_cm":104437,"minecraft:interact_with_smoker":10,"minecraft:mob_kills":114,"minecraft:damage_dealt_resisted":239,"minecraft:climb_one_cm":17808,"minecraft:walk_one_cm":1156051,"minecraft:sneak_time":34569,"minecraft:walk_under_water_one_cm":62846,"minecraft:total_world_time":533136,"minecraft:time_since_rest":10143,"minecraft:damage_taken":12679,"minecraft:damage_absorbed":160,"minecraft:swim_one_cm":26215,"minecraft:fly_one_cm":1235582,"minecraft:open_chest":98,"minecraft:fall_one_cm":186689},"minecraft:crafted":{"minecraft:cobblestone_slab":12,"minecraft:cooked_chicken":8,"minecraft:cobblestone_stairs":84,"minecraft:cooked_mutton":3,"minecraft:diamond_helmet":1,"minecraft:diamond_leggings":1,"minecraft:iron_boots":1,"minecraft:melon_seeds":15,"minecraft:chest":6,"deep_dark_regrowth:plasma_axe":1,"minecraft:stone_hoe":1,"deep_dark_regrowth:plasma":2,"biomesoplenty:jacaranda_planks":20,"born_in_chaos_v1:smoked_fish":1,"minecraft:cooked_porkchop":17,"minecraft:crafting_table":5,"minecraft:iron_helmet":1,"minecraft:baked_potato":49,"minecraft:wooden_pickaxe":1,"minecraft:birch_planks":68,"vtaw_mw:stone_katana":1,"biomesoplenty:fir_planks":272,"minecraft:iron_chestplate":1,"minecraft:diamond_pickaxe":1,"minecraft:shield":2,"minecraft:stick":52,"minecraft:iron_ingot":59,"minecraft:iron_pickaxe":3,"minecraft:stone_sword":2,"biomesoplenty:fir_door":3,"minecraft:wooden_sword":1,"vtaw_mw:diamond_battleaxe":1,"minecraft:furnace":7,"minecraft:diamond":1,"minecraft:iron_axe":1,"minecraft:stone_pickaxe":9,"minecraft:diamond_boots":1,"biomesoplenty:jacaranda_door":3,"minecraft:dark_oak_planks":260,"minecraft:cooked_beef":21,"minecraft:dark_oak_stairs":20,"minecraft:bucket":1,"minecraft:stone_axe":3,"minecraft:bread":15,"minecraft:air":0,"vtaw_mw:iron_katana":1,"minecraft:iron_leggings":1,"minecraft:torch":104,"minecraft:diamond_chestplate":1},"minecraft:killed_by":{"undead_revamp2:sucker":2,"undead_revamp2:the_moonflower":1,"minecraft:creeper":1,"born_in_chaos_v1:corpse_fly":1,"endofherobrine:sheep":1,"man:managgresive":2,"born_in_chaos_v1:scarlet_persecutor":2,"born_in_chaos_v1:dire_hound_leader":1,"minecraft:player":5,"undead_revamp2:thehunter":1,"apollyon:the_damned":1,"minecraft:skeleton":1,"arphex:centipede_evictor_larvae":1,"undead_revamp2:thebeartamer":2},"minecraft:used":{"minecraft:moss_block":1,"vtaw_mw:iron_katana":224,"vtaw_mw:stone_katana":33,"minecraft:chest":6,"minecraft:shield":21,"minecraft:rotten_flesh":3,"minecraft:iron_chestplate":1,"minecraft:carrot":170,"minecraft:tuff":8,"biomesoplenty:jacaranda_sapling":5,"minecraft:furnace":9,"minecraft:potato":35,"minecraft:dark_oak_stairs":26,"minecraft:stone_pickaxe":819,"minecraft:wooden_pickaxe":21,"biomesoplenty:fir_planks":132,"minecraft:melon_slice":58,"minecraft:bread":7,"born_in_chaos_v1:staffof_magic_arrows":4,"minecraft:stone_sword":173,"born_in_chaos_v1:smoked_fish":1,"minecraft:stone_hoe":74,"minecraft:cooked_chicken":1,"minecraft:netherrack":17,"minecraft:torch":126,"minecraft:dirt":10,"minecraft:dark_oak_planks":107,"minecraft:iron_axe":19,"minecraft:melon_seeds":16,"minecraft:cooked_beef":18,"minecraft:enchanted_golden_apple":1,"vtaw_mw:diamond_battleaxe":55,"minecraft:wheat_seeds":51,"minecraft:cooked_mutton":3,"biomesoplenty:jacaranda_door":1,"minecraft:water_bucket":1,"minecraft:cobblestone_stairs":53,"minecraft:birch_planks":56,"minecraft:baked_potato":46,"minecraft:cobblestone_slab":12,"minecraft:rail":1,"minecraft:crafting_table":7,"minecraft:diamond_pickaxe":103,"deep_dark_regrowth:plasma_axe":31,"minecraft:iron_pickaxe":282,"minecraft:stone_axe":386,"minecraft:cobblestone":215,"biomesoplenty:fir_door":2,"minecraft:cooked_porkchop":13,"minecraft:bucket":2}},"DataVersion":3465}