{"stats":{"minecraft:killed":{"minecraft:evoker":1,"minecraft:vex":1,"undead_revamp2:thehunter":2,"born_in_chaos_v1:restless_spirit":1,"minecraft:spider":3,"minecraft:vindicator":5,"born_in_chaos_v1:thornshell_crab":1,"born_in_chaos_v1:scarlet_persecutor":1,"arphex:hornet_harbinger":3,"minecraft:chicken":2,"undead_revamp2:therod":1,"undead_revamp2:sucker":2,"minecraft:pig":7,"arphex:spider_jump":1,"born_in_chaos_v1:diamond_termite":1,"undead_revamp2:the_moonflower":1,"undead_revamp2:thebeartamer":1,"born_in_chaos_v1:decrepit_skeleton":2,"minecraft:sheep":1,"minecraft:zombie":4,"born_in_chaos_v1:corpse_fly":15,"born_in_chaos_v1:dark_vortex":1,"endofherobrine:sheep":7,"minecraft:villager":1,"minecraft:cow":8},"minecraft:picked_up":{"minecraft:crafting_table":3,"born_in_chaos_v1:diamond_termite_shard":1,"minecraft:wheat":2,"minecraft:chicken":2,"biomesoplenty:jacaranda_sapling":5,"gravestone:obituary":2,"minecraft:string":5,"minecraft:raw_copper":44,"biomesoplenty:fir_planks":15,"minecraft:beef":18,"minecraft:iron_pickaxe":1,"minecraft:melon_slice":50,"minecraft:furnace":3,"minecraft:dark_oak_sapling":3,"minecraft:stick":7,"minecraft:raw_iron":97,"minecraft:torch":52,"minecraft:porkchop":14,"minecraft:carrot":80,"minecraft:diorite":1,"minecraft:prismarine_crystals":6,"minecraft:dark_oak_planks":16,"minecraft:arrow":2,"minecraft:rotten_flesh":15,"biomesoplenty:jacaranda_log":112,"minecraft:carved_pumpkin":1,"born_in_chaos_v1:spiny_shell":4,"minecraft:totem_of_undying":1,"minecraft:mutton":4,"minecraft:white_wool":1,"minecraft:cobblestone":640,"minecraft:birch_log":17,"born_in_chaos_v1:staffof_magic_arrows":1,"born_in_chaos_v1:corpse_maggot":11,"minecraft:feather":2,"minecraft:andesite":11,"minecraft:potato":62,"minecraft:leather":9,"minecraft:birch_planks":6,"biomesoplenty:fir_sapling":10,"biomesoplenty:fir_log":103,"minecraft:oak_log":6,"undead_revamp2:huntereye":1,"minecraft:cobblestone_stairs":4,"minecraft:lapis_lazuli":14,"minecraft:dirt":41,"minecraft:bone":13,"minecraft:wheat_seeds":16,"minecraft:iron_ingot":1,"minecraft:stone_pickaxe":1,"minecraft:moss_block":5,"minecraft:dark_oak_stairs":6,"biomesoplenty:toadstool":18,"born_in_chaos_v1:ethereal_spirit":6,"minecraft:poisonous_potato":1,"minecraft:gravel":2,"born_in_chaos_v1:dark_rod":1,"minecraft:stripped_spruce_log":31,"minecraft:fermented_spider_eye":1,"minecraft:dark_oak_log":68,"undead_revamp2:rawbostrox":1,"minecraft:emerald":5,"born_in_chaos_v1:rotten_fish":1,"minecraft:melon_seeds":1,"minecraft:coal":34},"minecraft:mined":{"minecraft:dark_oak_planks":17,"minecraft:dark_oak_leaves":2,"minecraft:cobblestone_stairs":4,"minecraft:dark_oak_log":32,"minecraft:sea_lantern":2,"born_in_chaos_v1:infected_diamond_ore":1,"gravestone:gravestone":16,"minecraft:grass_block":11,"minecraft:moss_block":6,"minecraft:spawner":2,"biomesoplenty:jacaranda_log":97,"minecraft:furnace":3,"minecraft:carrots":39,"undead_revamp2:bostroxore":1,"biomesoplenty:toadstool":7,"minecraft:iron_ore":50,"minecraft:andesite":12,"minecraft:stripped_spruce_log":33,"minecraft:dark_oak_stairs":6,"minecraft:potatoes":22,"minecraft:deepslate_iron_ore":27,"minecraft:stone":626,"biomesoplenty:jacaranda_leaves":7,"minecraft:glass_pane":3,"minecraft:melon_stem":1,"minecraft:crafting_table":3,"minecraft:torch":2,"biomesoplenty:fir_planks":8,"minecraft:melon":10,"biomesoplenty:stripped_jacaranda_log":1,"minecraft:cobblestone":28,"minecraft:tall_grass":6,"minecraft:copper_ore":13,"biomesoplenty:sprout":2,"minecraft:lapis_ore":2,"endofherobrine:mossy_stone_bricks":2,"minecraft:diorite":1,"minecraft:wall_torch":13,"minecraft:birch_planks":5,"minecraft:birch_log":16,"biomesoplenty:fir_log":88,"minecraft:grass":51,"minecraft:oak_log":7,"minecraft:coal_ore":35,"biomesoplenty:fir_leaves":11,"minecraft:dark_oak_sapling":2,"minecraft:gravel":3,"minecraft:dirt":20,"minecraft:cobweb":1,"biomesoplenty:fir_sapling":3,"minecraft:cracked_stone_bricks":3,"born_in_chaos_v1:infernal_evil_pumpkin_s":1,"minecraft:oak_leaves":4,"minecraft:fern":59},"minecraft:crafted":{"minecraft:wooden_sword":1,"minecraft:cobblestone_slab":12,"minecraft:cooked_chicken":2,"minecraft:furnace":6,"minecraft:cobblestone_stairs":84,"minecraft:cooked_mutton":3,"minecraft:iron_boots":1,"minecraft:iron_axe":1,"minecraft:melon_seeds":15,"minecraft:stone_pickaxe":8,"minecraft:chest":6,"minecraft:dark_oak_planks":260,"minecraft:stone_hoe":1,"minecraft:cooked_beef":18,"born_in_chaos_v1:smoked_fish":1,"biomesoplenty:jacaranda_planks":4,"minecraft:cooked_porkchop":14,"minecraft:dark_oak_stairs":20,"minecraft:crafting_table":3,"minecraft:iron_helmet":1,"minecraft:wooden_pickaxe":1,"minecraft:baked_potato":46,"minecraft:birch_planks":68,"minecraft:stone_axe":3,"vtaw_mw:stone_katana":1,"minecraft:air":0,"biomesoplenty:fir_planks":272,"minecraft:iron_chestplate":1,"minecraft:shield":2,"vtaw_mw:iron_katana":1,"minecraft:stick":44,"minecraft:iron_ingot":59,"minecraft:iron_pickaxe":3,"minecraft:stone_sword":2,"minecraft:iron_leggings":1,"minecraft:torch":68,"biomesoplenty:fir_door":3},"minecraft:killed_by":{"undead_revamp2:sucker":2,"minecraft:player":3,"minecraft:creeper":1,"born_in_chaos_v1:corpse_fly":1,"endofherobrine:sheep":1,"undead_revamp2:thehunter":1,"man:managgresive":2,"apollyon:the_damned":1,"minecraft:skeleton":1,"born_in_chaos_v1:scarlet_persecutor":2,"undead_revamp2:thebeartamer":2},"minecraft:broken":{"minecraft:stone_pickaxe":4,"minecraft:stone_axe":2},"minecraft:custom":{"minecraft:mob_kills":76,"minecraft:interact_with_crafting_table":54,"minecraft:open_barrel":5,"minecraft:damage_dealt_resisted":139,"minecraft:leave_game":3,"minecraft:time_since_death":40385,"minecraft:climb_one_cm":17379,"minecraft:damage_resisted":93,"minecraft:sprint_one_cm":686969,"minecraft:walk_one_cm":776711,"minecraft:damage_blocked_by_shield":360,"minecraft:drop":58,"minecraft:talked_to_villager":1,"minecraft:play_time":324618,"minecraft:deaths":19,"minecraft:sneak_time":26241,"minecraft:walk_under_water_one_cm":14472,"minecraft:jump":5048,"minecraft:walk_on_water_one_cm":5155,"minecraft:total_world_time":324618,"minecraft:interact_with_furnace":108,"minecraft:sleep_in_bed":4,"minecraft:time_since_rest":3850,"minecraft:damage_taken":8422,"minecraft:damage_absorbed":160,"minecraft:damage_dealt":11481,"minecraft:player_kills":3,"minecraft:swim_one_cm":1950,"minecraft:fly_one_cm":833186,"minecraft:open_chest":79,"minecraft:crouch_one_cm":81454,"minecraft:interact_with_smoker":10,"minecraft:fall_one_cm":117155},"minecraft:dropped":{"minecraft:moss_block":4,"minecraft:wheat_seeds":6,"minecraft:oak_log":1,"minecraft:cooked_porkchop":1,"minecraft:poisonous_potato":1,"minecraft:cobblestone":92,"minecraft:prismarine_crystals":6,"minecraft:diorite":1,"born_in_chaos_v1:monster_skin":1,"minecraft:wooden_axe":1,"minecraft:melon_slice":5,"gravestone:obituary":8,"minecraft:wooden_sword":1,"born_in_chaos_v1:staffof_magic_arrows":2,"minecraft:iron_pickaxe":1,"minecraft:string":7,"minecraft:bone":24,"biomesoplenty:toadstool":8,"minecraft:stone_axe":1,"minecraft:cooked_chicken":1,"minecraft:stone_sword":1,"born_in_chaos_v1:ethereal_spirit":2,"minecraft:rotten_flesh":18,"biomesoplenty:fir_planks":16,"born_in_chaos_v1:corpse_maggot":3,"minecraft:stone_pickaxe":2,"minecraft:wooden_pickaxe":1},"minecraft:used":{"minecraft:moss_block":1,"vtaw_mw:iron_katana":39,"vtaw_mw:stone_katana":33,"minecraft:stone_sword":173,"born_in_chaos_v1:smoked_fish":1,"minecraft:chest":6,"minecraft:shield":4,"minecraft:cooked_chicken":1,"minecraft:stone_hoe":74,"minecraft:rotten_flesh":3,"minecraft:iron_chestplate":1,"minecraft:torch":95,"minecraft:dirt":10,"minecraft:carrot":91,"minecraft:dark_oak_planks":19,"minecraft:iron_axe":15,"minecraft:melon_seeds":16,"biomesoplenty:jacaranda_sapling":5,"minecraft:furnace":8,"minecraft:cooked_beef":18,"minecraft:potato":17,"minecraft:enchanted_golden_apple":1,"minecraft:wheat_seeds":2,"minecraft:cooked_mutton":3,"minecraft:dark_oak_stairs":20,"minecraft:cobblestone_stairs":53,"minecraft:birch_planks":56,"minecraft:stone_pickaxe":815,"minecraft:baked_potato":8,"minecraft:wooden_pickaxe":21,"biomesoplenty:fir_planks":132,"minecraft:cobblestone_slab":12,"minecraft:crafting_table":5,"minecraft:bread":4,"minecraft:melon_slice":30,"minecraft:iron_pickaxe":3,"born_in_chaos_v1:staffof_magic_arrows":4,"minecraft:stone_axe":386,"minecraft:cobblestone":200,"biomesoplenty:fir_door":2,"minecraft:cooked_porkchop":13}},"DataVersion":3465}