{"stats":{"minecraft:dropped":{"minecraft:wheat_seeds":6,"minecraft:oak_log":1,"minecraft:cooked_porkchop":1,"minecraft:cobblestone":92,"minecraft:prismarine_crystals":6,"born_in_chaos_v1:monster_skin":1,"minecraft:wooden_axe":1,"gravestone:obituary":4,"minecraft:wooden_sword":1,"born_in_chaos_v1:staffof_magic_arrows":2,"minecraft:string":7,"minecraft:bone":8,"biomesoplenty:toadstool":8,"minecraft:stone_axe":1,"minecraft:cooked_chicken":1,"minecraft:stone_sword":1,"born_in_chaos_v1:ethereal_spirit":2,"minecraft:rotten_flesh":17,"biomesoplenty:fir_planks":16,"born_in_chaos_v1:corpse_maggot":1,"minecraft:stone_pickaxe":2,"minecraft:wooden_pickaxe":1},"minecraft:used":{"vtaw_mw:stone_katana":19,"minecraft:stone_sword":173,"minecraft:chest":6,"minecraft:cooked_chicken":1,"minecraft:rotten_flesh":3,"minecraft:torch":89,"minecraft:dirt":9,"minecraft:carrot":2,"minecraft:dark_oak_planks":1,"minecraft:furnace":8,"minecraft:cooked_beef":18,"minecraft:potato":5,"minecraft:cooked_mutton":3,"minecraft:cobblestone_stairs":53,"minecraft:baked_potato":1,"minecraft:birch_planks":56,"minecraft:stone_pickaxe":704,"minecraft:wooden_pickaxe":21,"biomesoplenty:fir_planks":132,"minecraft:cobblestone_slab":12,"minecraft:crafting_table":5,"minecraft:bread":4,"born_in_chaos_v1:staffof_magic_arrows":4,"minecraft:stone_axe":340,"minecraft:cobblestone":51,"biomesoplenty:fir_door":2,"minecraft:cooked_porkchop":10},"minecraft:custom":{"minecraft:mob_kills":64,"minecraft:interact_with_crafting_table":37,"minecraft:open_barrel":5,"minecraft:damage_dealt_resisted":139,"minecraft:leave_game":2,"minecraft:time_since_death":604,"minecraft:climb_one_cm":9331,"minecraft:sprint_one_cm":468423,"minecraft:walk_one_cm":551518,"minecraft:drop":42,"minecraft:play_time":243448,"minecraft:deaths":16,"minecraft:sneak_time":20510,"minecraft:walk_under_water_one_cm":14170,"minecraft:jump":3669,"minecraft:walk_on_water_one_cm":2601,"minecraft:total_world_time":243448,"minecraft:interact_with_furnace":65,"minecraft:sleep_in_bed":2,"minecraft:time_since_rest":656,"minecraft:damage_taken":6490,"minecraft:damage_dealt":8802,"minecraft:swim_one_cm":1950,"minecraft:fly_one_cm":589485,"minecraft:player_kills":3,"minecraft:open_chest":58,"minecraft:crouch_one_cm":64317,"minecraft:fall_one_cm":81476},"minecraft:mined":{"minecraft:dark_oak_planks":8,"minecraft:cobblestone_stairs":4,"minecraft:dark_oak_log":32,"minecraft:sea_lantern":2,"gravestone:gravestone":12,"minecraft:grass_block":9,"minecraft:spawner":2,"biomesoplenty:jacaranda_log":59,"minecraft:furnace":3,"biomesoplenty:toadstool":7,"minecraft:iron_ore":17,"minecraft:andesite":12,"minecraft:stripped_spruce_log":33,"minecraft:stone":605,"biomesoplenty:jacaranda_leaves":5,"minecraft:glass_pane":3,"minecraft:crafting_table":3,"minecraft:torch":1,"biomesoplenty:fir_planks":8,"biomesoplenty:stripped_jacaranda_log":1,"minecraft:tall_grass":2,"minecraft:copper_ore":13,"minecraft:cobblestone":13,"biomesoplenty:sprout":2,"endofherobrine:mossy_stone_bricks":1,"minecraft:wall_torch":11,"minecraft:birch_planks":5,"minecraft:birch_log":16,"biomesoplenty:fir_log":88,"minecraft:grass":43,"minecraft:oak_log":6,"minecraft:coal_ore":31,"biomesoplenty:fir_leaves":11,"minecraft:dark_oak_sapling":2,"minecraft:dirt":20,"minecraft:gravel":3,"minecraft:cobweb":1,"biomesoplenty:fir_sapling":3,"minecraft:cracked_stone_bricks":1,"born_in_chaos_v1:infernal_evil_pumpkin_s":1,"minecraft:fern":59},"minecraft:picked_up":{"minecraft:crafting_table":3,"minecraft:wheat":2,"minecraft:chicken":2,"gravestone:obituary":2,"minecraft:string":1,"minecraft:raw_copper":44,"biomesoplenty:fir_planks":15,"minecraft:beef":18,"minecraft:furnace":3,"minecraft:dark_oak_sapling":3,"minecraft:stick":3,"minecraft:raw_iron":17,"minecraft:torch":48,"minecraft:porkchop":11,"minecraft:prismarine_crystals":6,"minecraft:dark_oak_planks":7,"minecraft:arrow":2,"minecraft:rotten_flesh":13,"biomesoplenty:jacaranda_log":72,"minecraft:carved_pumpkin":1,"minecraft:totem_of_undying":1,"minecraft:mutton":4,"minecraft:white_wool":1,"minecraft:cobblestone":605,"minecraft:birch_log":17,"born_in_chaos_v1:corpse_maggot":9,"born_in_chaos_v1:staffof_magic_arrows":1,"minecraft:feather":2,"minecraft:andesite":11,"minecraft:leather":9,"biomesoplenty:fir_log":103,"biomesoplenty:fir_sapling":10,"minecraft:birch_planks":6,"minecraft:oak_log":6,"undead_revamp2:huntereye":1,"minecraft:cobblestone_stairs":4,"minecraft:dirt":39,"minecraft:bone":13,"minecraft:wheat_seeds":14,"minecraft:stone_pickaxe":1,"minecraft:iron_ingot":1,"biomesoplenty:toadstool":18,"born_in_chaos_v1:ethereal_spirit":5,"minecraft:gravel":2,"minecraft:stripped_spruce_log":31,"minecraft:fermented_spider_eye":1,"minecraft:dark_oak_log":68,"minecraft:emerald":5,"minecraft:coal":30},"minecraft:broken":{"minecraft:stone_pickaxe":4,"minecraft:stone_axe":1},"minecraft:crafted":{"minecraft:wooden_sword":1,"minecraft:cobblestone_slab":12,"minecraft:cooked_chicken":2,"minecraft:furnace":6,"minecraft:cobblestone_stairs":84,"minecraft:cooked_mutton":3,"minecraft:stone_pickaxe":8,"minecraft:chest":6,"minecraft:cooked_beef":18,"biomesoplenty:jacaranda_planks":4,"minecraft:cooked_porkchop":11,"minecraft:crafting_table":3,"minecraft:baked_potato":1,"minecraft:wooden_pickaxe":1,"minecraft:birch_planks":68,"minecraft:stone_axe":3,"vtaw_mw:stone_katana":1,"minecraft:air":0,"biomesoplenty:fir_planks":272,"minecraft:shield":1,"minecraft:stick":40,"minecraft:stone_sword":2,"minecraft:torch":68,"biomesoplenty:fir_door":3},"minecraft:killed":{"minecraft:evoker":1,"undead_revamp2:thehunter":2,"born_in_chaos_v1:restless_spirit":1,"minecraft:vindicator":5,"minecraft:spider":3,"born_in_chaos_v1:scarlet_persecutor":1,"arphex:hornet_harbinger":3,"minecraft:chicken":2,"undead_revamp2:therod":1,"undead_revamp2:sucker":2,"minecraft:pig":6,"arphex:spider_jump":1,"born_in_chaos_v1:decrepit_skeleton":2,"minecraft:sheep":1,"minecraft:zombie":4,"born_in_chaos_v1:corpse_fly":12,"endofherobrine:sheep":7,"minecraft:cow":8},"minecraft:killed_by":{"minecraft:player":3,"undead_revamp2:sucker":2,"minecraft:creeper":1,"endofherobrine:sheep":1,"undead_revamp2:thehunter":1,"man:managgresive":1,"apollyon:the_damned":1,"minecraft:skeleton":1,"born_in_chaos_v1:scarlet_persecutor":2,"undead_revamp2:thebeartamer":2}},"DataVersion":3465}