{"stats":{"minecraft:killed":{"minecraft:pig":5,"arphex:spider_flat":1,"born_in_chaos_v1:zombie_lumberjack":1,"born_in_chaos_v1:baby_skeleton":3,"born_in_chaos_v1:corpse_fly":3,"undead_revamp2:theskeeper":1},"minecraft:mined":{"minecraft:oak_sapling":1,"minecraft:dark_oak_leaves":1,"minecraft:cobblestone_stairs":1,"minecraft:dark_oak_log":2,"biomesoplenty:black_sand":1,"gravestone:gravestone":10,"minecraft:ladder":1,"minecraft:dead_bush":1,"minecraft:tall_grass":2,"minecraft:oak_planks":5,"minecraft:furnace":1,"biomesoplenty:mahogany_log":5,"minecraft:iron_ore":8,"minecraft:andesite":1,"minecraft:black_carpet":1,"minecraft:coal_ore":46,"minecraft:grass":7,"minecraft:bookshelf":22,"minecraft:oak_log":19,"minecraft:vine":1,"minecraft:dirt":1,"minecraft:polished_andesite":2,"minecraft:stone":161,"minecraft:oak_leaves":6,"minecraft:fern":2},"minecraft:crafted":{"minecraft:wooden_sword":1,"minecraft:oak_planks":4,"minecraft:cooked_porkchop":7,"biomesoplenty:mahogany_planks":16,"minecraft:wooden_pickaxe":1,"minecraft:iron_sword":1,"minecraft:cobblestone_stairs":8,"minecraft:stone_axe":1,"minecraft:air":0,"minecraft:charcoal":4,"minecraft:stick":16,"minecraft:iron_ingot":4,"minecraft:stone_pickaxe":2,"minecraft:stone_sword":1},"minecraft:killed_by":{"undead_revamp2:theskeeper":1,"undead_revamp2:sucker":1,"minecraft:player":3,"arphex:spider_flat":5,"born_in_chaos_v1:corpse_fish":1,"undead_revamp2:thespitter":1},"minecraft:custom":{"minecraft:interact_with_furnace":24,"minecraft:mob_kills":15,"minecraft:interact_with_crafting_table":19,"minecraft:damage_dealt_resisted":128,"minecraft:leave_game":1,"minecraft:time_since_death":11632,"minecraft:climb_one_cm":11488,"minecraft:time_since_rest":11659,"minecraft:sprint_one_cm":215652,"minecraft:damage_taken":3580,"minecraft:walk_one_cm":218037,"minecraft:drop":14,"minecraft:damage_dealt":3147,"minecraft:player_kills":1,"minecraft:fly_one_cm":329494,"minecraft:open_chest":3,"minecraft:play_time":103085,"minecraft:crouch_one_cm":28201,"minecraft:deaths":12,"minecraft:sneak_time":7249,"minecraft:walk_under_water_one_cm":6395,"minecraft:interact_with_lectern":3,"minecraft:jump":2276,"minecraft:walk_on_water_one_cm":4901,"minecraft:total_world_time":103085,"minecraft:fall_one_cm":63688},"minecraft:dropped":{"minecraft:cooked_porkchop":1,"born_in_chaos_v1:corpse_maggot":3,"gravestone:obituary":11},"minecraft:broken":{"minecraft:stone_pickaxe":1},"minecraft:used":{"biomesoplenty:black_sand":1,"biomesoplenty:mahogany_planks":3,"minecraft:moss_carpet":1,"minecraft:stone_sword":32,"minecraft:cobblestone_stairs":9,"minecraft:polished_andesite":1,"minecraft:stone_pickaxe":216,"minecraft:wooden_pickaxe":9,"minecraft:iron_sword":37,"minecraft:cooked_chicken":1,"minecraft:rotten_flesh":5,"biomesoplenty:mahogany_log":1,"minecraft:dark_oak_log":2,"minecraft:stone_axe":53,"minecraft:wooden_sword":1,"minecraft:cobblestone":17,"minecraft:bow":3,"minecraft:furnace":1,"minecraft:cooked_porkchop":6},"minecraft:picked_up":{"minecraft:birch_log":8,"born_in_chaos_v1:corpse_maggot":3,"minecraft:ladder":1,"minecraft:wooden_pickaxe":2,"minecraft:oak_log":24,"gravestone:obituary":9,"minecraft:cobblestone_stairs":1,"minecraft:raw_copper":3,"minecraft:dirt":1,"minecraft:moss_carpet":1,"minecraft:bone":5,"minecraft:gray_carpet":1,"minecraft:bow":1,"minecraft:wheat_seeds":1,"biomesoplenty:black_sand":1,"minecraft:spruce_planks":1,"minecraft:stone_pickaxe":1,"minecraft:cooked_chicken":1,"minecraft:oak_planks":4,"biomesoplenty:mahogany_planks":5,"minecraft:furnace":1,"minecraft:book":66,"minecraft:dark_oak_sapling":1,"minecraft:stick":6,"minecraft:raw_iron":8,"minecraft:cooked_porkchop":1,"minecraft:porkchop":7,"minecraft:jungle_planks":1,"minecraft:cherry_log":1,"minecraft:fermented_spider_eye":1,"minecraft:dark_oak_log":2,"minecraft:polished_andesite":1,"biomesoplenty:mahogany_log":5,"minecraft:stone_sword":1,"minecraft:arrow":4,"minecraft:rotten_flesh":8,"minecraft:spruce_sign":1,"minecraft:oak_sapling":1,"minecraft:coal":49,"minecraft:cobblestone":247}},"DataVersion":3465}