{"stats":{"minecraft:custom":{"minecraft:jump":122,"minecraft:time_since_rest":3897,"minecraft:damage_taken":140,"minecraft:sprint_one_cm":13477,"minecraft:play_time":3897,"minecraft:walk_on_water_one_cm":92,"minecraft:time_since_death":3897,"minecraft:walk_one_cm":6078,"minecraft:total_world_time":3897,"minecraft:walk_under_water_one_cm":561,"minecraft:interact_with_crafting_table":1,"minecraft:fall_one_cm":4153,"minecraft:fly_one_cm":28663},"minecraft:crafted":{"minecraft:wooden_sword":1,"minecraft:stick":4,"biomesoplenty:mahogany_planks":4},"minecraft:used":{"minecraft:rotten_flesh":2},"minecraft:mined":{"biomesoplenty:mahogany_log":1},"minecraft:picked_up":{"biomesoplenty:mahogany_log":1,"minecraft:rotten_flesh":6}},"DataVersion":3465}