{"stats":{"minecraft:custom":{"minecraft:interact_with_furnace":10,"minecraft:mob_kills":19,"minecraft:interact_with_crafting_table":13,"minecraft:damage_dealt_resisted":10,"minecraft:leave_game":1,"minecraft:time_since_death":8869,"minecraft:time_since_rest":8898,"minecraft:sprint_one_cm":113813,"minecraft:damage_taken":2334,"minecraft:walk_one_cm":106492,"minecraft:drop":16,"minecraft:damage_dealt":2974,"minecraft:fly_one_cm":192859,"minecraft:open_chest":1,"minecraft:crouch_one_cm":11851,"minecraft:play_time":47979,"minecraft:deaths":7,"minecraft:sneak_time":4256,"minecraft:walk_under_water_one_cm":12440,"minecraft:jump":1023,"minecraft:walk_on_water_one_cm":2143,"minecraft:total_world_time":47979,"minecraft:fall_one_cm":22162},"minecraft:picked_up":{"minecraft:birch_log":17,"born_in_chaos_v1:corpse_maggot":5,"minecraft:crafting_table":3,"minecraft:feather":2,"minecraft:chicken":1,"minecraft:leather":6,"biomesoplenty:fir_sapling":5,"minecraft:birch_planks":4,"biomesoplenty:fir_log":36,"undead_revamp2:huntereye":1,"minecraft:dirt":27,"minecraft:bone":3,"minecraft:wheat_seeds":12,"biomesoplenty:fir_planks":9,"minecraft:beef":9,"minecraft:furnace":2,"biomesoplenty:toadstool":13,"minecraft:stick":2,"minecraft:torch":5,"born_in_chaos_v1:ethereal_spirit":2,"minecraft:porkchop":1,"minecraft:arrow":2,"minecraft:rotten_flesh":5,"minecraft:coal":15,"minecraft:cobblestone":57},"minecraft:mined":{"minecraft:crafting_table":3,"gravestone:gravestone":6,"minecraft:grass_block":7,"biomesoplenty:fir_planks":8,"biomesoplenty:sprout":1,"minecraft:wall_torch":2,"minecraft:birch_planks":4,"minecraft:furnace":2,"biomesoplenty:toadstool":7,"minecraft:birch_log":16,"biomesoplenty:fir_log":34,"minecraft:grass":32,"minecraft:coal_ore":16,"biomesoplenty:fir_leaves":2,"minecraft:dirt":10,"biomesoplenty:fir_sapling":1,"minecraft:stone":59,"minecraft:fern":47},"minecraft:crafted":{"minecraft:cooked_beef":8,"minecraft:wooden_sword":1,"minecraft:cobblestone_slab":12,"minecraft:crafting_table":2,"minecraft:wooden_pickaxe":1,"minecraft:furnace":1,"minecraft:birch_planks":68,"minecraft:stone_axe":1,"minecraft:air":0,"biomesoplenty:fir_planks":144,"minecraft:stick":12,"minecraft:stone_pickaxe":1,"minecraft:stone_sword":1,"minecraft:chest":2,"minecraft:torch":16,"biomesoplenty:fir_door":3},"minecraft:dropped":{"biomesoplenty:toadstool":8,"minecraft:wheat_seeds":6,"gravestone:obituary":2},"minecraft:killed":{"minecraft:pig":1,"minecraft:spider":1,"born_in_chaos_v1:decrepit_skeleton":1,"born_in_chaos_v1:scarlet_persecutor":1,"minecraft:zombie":4,"minecraft:chicken":1,"born_in_chaos_v1:corpse_fly":4,"undead_revamp2:therod":1,"minecraft:cow":5},"minecraft:used":{"minecraft:stone_sword":53,"minecraft:birch_planks":56,"minecraft:stone_pickaxe":68,"minecraft:chest":2,"minecraft:wooden_pickaxe":21,"biomesoplenty:fir_planks":111,"minecraft:cobblestone_slab":12,"minecraft:rotten_flesh":3,"minecraft:torch":8,"minecraft:dirt":9,"minecraft:crafting_table":4,"minecraft:stone_axe":103,"biomesoplenty:fir_door":1,"minecraft:furnace":3,"minecraft:cooked_beef":7},"minecraft:killed_by":{"man:managgresive":1,"apollyon:the_damned":1,"minecraft:creeper":1,"born_in_chaos_v1:scarlet_persecutor":2,"undead_revamp2:thebeartamer":1}},"DataVersion":3465}