{"stats":{"minecraft:dropped":{"minecraft:wheat_seeds":6,"minecraft:oak_log":1,"minecraft:cooked_porkchop":1,"minecraft:cobblestone":92,"minecraft:prismarine_crystals":6,"born_in_chaos_v1:monster_skin":1,"minecraft:wooden_axe":1,"gravestone:obituary":6,"minecraft:wooden_sword":1,"born_in_chaos_v1:staffof_magic_arrows":2,"minecraft:string":7,"minecraft:bone":8,"biomesoplenty:toadstool":8,"minecraft:stone_axe":1,"minecraft:cooked_chicken":1,"minecraft:stone_sword":1,"born_in_chaos_v1:ethereal_spirit":2,"minecraft:rotten_flesh":17,"biomesoplenty:fir_planks":16,"born_in_chaos_v1:corpse_maggot":1,"minecraft:stone_pickaxe":2,"minecraft:wooden_pickaxe":1},"minecraft:used":{"vtaw_mw:stone_katana":28,"minecraft:stone_sword":173,"minecraft:chest":6,"minecraft:stone_hoe":74,"minecraft:cooked_chicken":1,"minecraft:rotten_flesh":3,"minecraft:iron_chestplate":1,"minecraft:torch":95,"minecraft:dirt":10,"minecraft:carrot":5,"minecraft:dark_oak_planks":1,"biomesoplenty:jacaranda_sapling":5,"minecraft:furnace":8,"minecraft:cooked_beef":18,"minecraft:potato":5,"minecraft:cooked_mutton":3,"minecraft:cobblestone_stairs":53,"minecraft:baked_potato":2,"minecraft:birch_planks":56,"minecraft:stone_pickaxe":748,"minecraft:wooden_pickaxe":21,"biomesoplenty:fir_planks":132,"minecraft:cobblestone_slab":12,"minecraft:crafting_table":5,"minecraft:bread":4,"minecraft:iron_pickaxe":2,"born_in_chaos_v1:staffof_magic_arrows":4,"minecraft:stone_axe":386,"minecraft:cobblestone":143,"biomesoplenty:fir_door":2,"minecraft:cooked_porkchop":13},"minecraft:custom":{"minecraft:mob_kills":66,"minecraft:interact_with_crafting_table":43,"minecraft:open_barrel":5,"minecraft:damage_dealt_resisted":139,"minecraft:leave_game":2,"minecraft:time_since_death":24604,"minecraft:climb_one_cm":10398,"minecraft:sprint_one_cm":548003,"minecraft:walk_one_cm":629826,"minecraft:drop":44,"minecraft:play_time":267448,"minecraft:deaths":16,"minecraft:sneak_time":21745,"minecraft:walk_under_water_one_cm":14170,"minecraft:jump":4186,"minecraft:walk_on_water_one_cm":3820,"minecraft:total_world_time":267448,"minecraft:interact_with_furnace":85,"minecraft:sleep_in_bed":2,"minecraft:time_since_rest":23303,"minecraft:damage_taken":6744,"minecraft:damage_dealt":9131,"minecraft:swim_one_cm":1950,"minecraft:fly_one_cm":675388,"minecraft:player_kills":3,"minecraft:open_chest":67,"minecraft:crouch_one_cm":68146,"minecraft:fall_one_cm":91791},"minecraft:mined":{"minecraft:dark_oak_planks":8,"minecraft:cobblestone_stairs":4,"minecraft:dark_oak_log":32,"minecraft:sea_lantern":2,"born_in_chaos_v1:infected_diamond_ore":1,"gravestone:gravestone":14,"minecraft:grass_block":11,"minecraft:moss_block":2,"minecraft:spawner":2,"biomesoplenty:jacaranda_log":97,"minecraft:furnace":3,"undead_revamp2:bostroxore":1,"biomesoplenty:toadstool":7,"minecraft:iron_ore":31,"minecraft:andesite":12,"minecraft:stripped_spruce_log":33,"minecraft:stone":622,"biomesoplenty:jacaranda_leaves":7,"minecraft:glass_pane":3,"minecraft:crafting_table":3,"minecraft:torch":2,"biomesoplenty:fir_planks":8,"biomesoplenty:stripped_jacaranda_log":1,"minecraft:tall_grass":6,"minecraft:copper_ore":13,"minecraft:cobblestone":15,"biomesoplenty:sprout":2,"endofherobrine:mossy_stone_bricks":2,"minecraft:wall_torch":11,"minecraft:birch_planks":5,"minecraft:birch_log":16,"biomesoplenty:fir_log":88,"minecraft:grass":51,"minecraft:oak_log":7,"minecraft:coal_ore":35,"biomesoplenty:fir_leaves":11,"minecraft:dark_oak_sapling":2,"minecraft:dirt":20,"minecraft:gravel":3,"minecraft:cobweb":1,"biomesoplenty:fir_sapling":3,"minecraft:cracked_stone_bricks":3,"born_in_chaos_v1:infernal_evil_pumpkin_s":1,"minecraft:oak_leaves":4,"minecraft:fern":59},"minecraft:picked_up":{"born_in_chaos_v1:diamond_termite_shard":1,"minecraft:crafting_table":3,"minecraft:wheat":2,"minecraft:chicken":2,"biomesoplenty:jacaranda_sapling":5,"gravestone:obituary":2,"minecraft:string":1,"minecraft:raw_copper":44,"biomesoplenty:fir_planks":15,"minecraft:beef":18,"minecraft:furnace":3,"minecraft:dark_oak_sapling":3,"minecraft:stick":7,"minecraft:raw_iron":31,"minecraft:torch":50,"minecraft:porkchop":14,"minecraft:prismarine_crystals":6,"minecraft:dark_oak_planks":7,"minecraft:arrow":2,"minecraft:rotten_flesh":13,"biomesoplenty:jacaranda_log":112,"minecraft:carved_pumpkin":1,"minecraft:totem_of_undying":1,"minecraft:mutton":4,"minecraft:white_wool":1,"minecraft:cobblestone":624,"minecraft:birch_log":17,"born_in_chaos_v1:corpse_maggot":9,"born_in_chaos_v1:staffof_magic_arrows":1,"minecraft:feather":2,"minecraft:andesite":11,"minecraft:leather":9,"biomesoplenty:fir_log":103,"biomesoplenty:fir_sapling":10,"minecraft:birch_planks":6,"minecraft:oak_log":6,"undead_revamp2:huntereye":1,"minecraft:cobblestone_stairs":4,"minecraft:dirt":41,"minecraft:bone":13,"minecraft:wheat_seeds":16,"minecraft:stone_pickaxe":1,"minecraft:iron_ingot":1,"minecraft:moss_block":1,"biomesoplenty:toadstool":18,"born_in_chaos_v1:ethereal_spirit":5,"minecraft:gravel":2,"minecraft:stripped_spruce_log":31,"minecraft:fermented_spider_eye":1,"minecraft:dark_oak_log":68,"undead_revamp2:rawbostrox":1,"minecraft:emerald":5,"minecraft:coal":34},"minecraft:broken":{"minecraft:stone_pickaxe":4,"minecraft:stone_axe":2},"minecraft:crafted":{"minecraft:wooden_sword":1,"minecraft:cobblestone_slab":12,"minecraft:cooked_chicken":2,"minecraft:furnace":6,"minecraft:cobblestone_stairs":84,"minecraft:cooked_mutton":3,"minecraft:stone_pickaxe":8,"minecraft:chest":6,"minecraft:stone_hoe":1,"minecraft:cooked_beef":18,"biomesoplenty:jacaranda_planks":4,"minecraft:cooked_porkchop":14,"minecraft:crafting_table":3,"minecraft:baked_potato":2,"minecraft:wooden_pickaxe":1,"minecraft:birch_planks":68,"minecraft:stone_axe":3,"vtaw_mw:stone_katana":1,"minecraft:air":0,"biomesoplenty:fir_planks":272,"minecraft:iron_chestplate":1,"minecraft:shield":1,"minecraft:stick":40,"minecraft:iron_ingot":11,"minecraft:iron_pickaxe":1,"minecraft:stone_sword":2,"minecraft:torch":68,"biomesoplenty:fir_door":3},"minecraft:killed":{"minecraft:evoker":1,"undead_revamp2:thehunter":2,"born_in_chaos_v1:restless_spirit":1,"minecraft:vindicator":5,"minecraft:spider":3,"born_in_chaos_v1:scarlet_persecutor":1,"arphex:hornet_harbinger":3,"minecraft:chicken":2,"undead_revamp2:therod":1,"undead_revamp2:sucker":2,"minecraft:pig":7,"arphex:spider_jump":1,"born_in_chaos_v1:diamond_termite":1,"born_in_chaos_v1:decrepit_skeleton":2,"minecraft:sheep":1,"minecraft:zombie":4,"born_in_chaos_v1:corpse_fly":12,"endofherobrine:sheep":7,"minecraft:cow":8},"minecraft:killed_by":{"minecraft:player":3,"undead_revamp2:sucker":2,"minecraft:creeper":1,"endofherobrine:sheep":1,"undead_revamp2:thehunter":1,"man:managgresive":1,"apollyon:the_damned":1,"minecraft:skeleton":1,"born_in_chaos_v1:scarlet_persecutor":2,"undead_revamp2:thebeartamer":2}},"DataVersion":3465}