{"stats":{"minecraft:killed":{"minecraft:evoker":1,"minecraft:vex":1,"undead_revamp2:thehunter":2,"born_in_chaos_v1:restless_spirit":2,"minecraft:vindicator":5,"minecraft:spider":3,"born_in_chaos_v1:thornshell_crab":1,"born_in_chaos_v1:zombie_bruiser":1,"born_in_chaos_v1:firelight":1,"born_in_chaos_v1:scarlet_persecutor":1,"minecraft:skeleton":3,"arphex:hornet_harbinger":3,"minecraft:chicken":2,"undead_revamp2:therod":1,"born_in_chaos_v1:corpse_fish":1,"undead_revamp2:sucker":2,"minecraft:pig":7,"arphex:spider_jump":1,"minecraft:zombie_villager":1,"born_in_chaos_v1:diamond_termite":10,"born_in_chaos_v1:bone_imp":2,"undead_revamp2:the_moonflower":1,"undead_revamp2:thebeartamer":1,"minecraft:creeper":1,"born_in_chaos_v1:decrepit_skeleton":3,"minecraft:sheep":1,"minecraft:zombie":10,"born_in_chaos_v1:dread_hound":1,"born_in_chaos_v1:corpse_fly":15,"born_in_chaos_v1:dark_vortex":1,"endofherobrine:sheep":7,"minecraft:villager":1,"minecraft:cow":8},"minecraft:picked_up":{"minecraft:wheat":2,"born_in_chaos_v1:diamond_termite_shard":11,"minecraft:crafting_table":3,"minecraft:chicken":2,"minecraft:enchanted_book":3,"biomesoplenty:jacaranda_sapling":5,"gravestone:obituary":2,"minecraft:string":6,"minecraft:raw_copper":44,"minecraft:netherite_ingot":2,"minecraft:cobbled_deepslate":61,"biomesoplenty:fir_planks":15,"minecraft:echo_shard":16,"minecraft:beef":18,"deep_dark_regrowth:sculk_soil":4,"minecraft:azalea":1,"minecraft:iron_pickaxe":3,"minecraft:melon_slice":114,"deep_dark_regrowth:soul_of_the_depths":2,"minecraft:furnace":3,"minecraft:dark_oak_sapling":6,"minecraft:raw_iron":183,"minecraft:stick":7,"minecraft:torch":61,"minecraft:porkchop":14,"minecraft:diorite":1,"minecraft:carrot":94,"minecraft:redstone":4,"minecraft:prismarine_crystals":6,"minecraft:dark_oak_planks":18,"minecraft:arrow":7,"minecraft:rotten_flesh":17,"biomesoplenty:jacaranda_log":112,"minecraft:carved_pumpkin":1,"minecraft:gold_ingot":4,"born_in_chaos_v1:spiny_shell":4,"minecraft:totem_of_undying":1,"minecraft:mutton":4,"minecraft:cobblestone":657,"minecraft:rail":1,"minecraft:white_wool":1,"deep_dark_regrowth:sculk_bone":4,"minecraft:birch_log":17,"born_in_chaos_v1:corpse_maggot":11,"born_in_chaos_v1:staffof_magic_arrows":1,"minecraft:feather":2,"minecraft:andesite":11,"minecraft:leather":9,"biomesoplenty:fir_log":103,"minecraft:birch_planks":6,"minecraft:potato":80,"biomesoplenty:fir_sapling":10,"minecraft:tuff":10,"minecraft:oak_log":14,"undead_revamp2:huntereye":1,"deep_dark_regrowth:cerebrawl":1,"minecraft:cobblestone_stairs":4,"minecraft:silence_armor_trim_smithing_template":1,"minecraft:dirt":46,"minecraft:lapis_lazuli":35,"minecraft:bone":19,"minecraft:wheat_seeds":16,"minecraft:raw_gold":4,"minecraft:iron_ingot":1,"minecraft:stone_pickaxe":1,"minecraft:moss_block":5,"deep_dark_regrowth:mechanical_yaw":1,"minecraft:dark_oak_stairs":6,"biomesoplenty:toadstool":18,"deep_dark_regrowth:plasma_chunk":8,"minecraft:music_disc_13":1,"minecraft:quartz":60,"born_in_chaos_v1:ethereal_spirit":6,"minecraft:poisonous_potato":1,"minecraft:gravel":2,"born_in_chaos_v1:dark_rod":1,"minecraft:stripped_spruce_log":31,"minecraft:fermented_spider_eye":1,"minecraft:dark_oak_log":122,"undead_revamp2:rawbostrox":1,"deep_dark_regrowth:dungeon":1,"deep_dark_regrowth:etherium_gem":5,"minecraft:diamond":31,"minecraft:stone_axe":1,"deep_dark_regrowth:unbreakability_seal":8,"minecraft:emerald":5,"minecraft:baked_potato":1,"minecraft:netherrack":29,"born_in_chaos_v1:rotten_fish":2,"minecraft:melon_seeds":1,"minecraft:coal":39},"minecraft:mined":{"minecraft:dark_oak_planks":20,"minecraft:diamond_ore":2,"minecraft:tuff":21,"deep_dark_regrowth:sculk_soil":5,"minecraft:dark_oak_leaves":2,"minecraft:deepslate_diamond_ore":11,"minecraft:cobblestone_stairs":4,"minecraft:dark_oak_log":54,"minecraft:sea_lantern":2,"born_in_chaos_v1:infected_diamond_ore":1,"deep_dark_regrowth:large_ancient_vase_top":3,"minecraft:glow_lichen":1,"gravestone:gravestone":22,"minecraft:grass_block":11,"minecraft:moss_block":6,"minecraft:spawner":3,"biomesoplenty:jacaranda_log":97,"minecraft:redstone_ore":1,"minecraft:carrots":51,"minecraft:furnace":3,"deep_dark_regrowth:ancient_vase":2,"undead_revamp2:bostroxore":1,"biomesoplenty:toadstool":7,"minecraft:iron_ore":67,"minecraft:fire":5,"minecraft:cobbled_deepslate":10,"minecraft:andesite":12,"minecraft:stripped_spruce_log":33,"minecraft:dark_oak_stairs":7,"minecraft:potatoes":36,"minecraft:deepslate_iron_ore":98,"minecraft:azalea":1,"minecraft:stone":633,"biomesoplenty:jacaranda_leaves":7,"minecraft:glass_pane":5,"minecraft:melon_stem":1,"minecraft:torch":6,"born_in_chaos_v1:infected_deepslate_diamond_ore":2,"minecraft:crafting_table":3,"deep_dark_regrowth:large_ancient_vase_top_west":2,"biomesoplenty:fir_planks":8,"minecraft:melon":10,"biomesoplenty:stripped_jacaranda_log":1,"minecraft:cobblestone":33,"minecraft:nether_quartz_ore":70,"minecraft:copper_ore":13,"minecraft:tall_grass":7,"minecraft:deepslate_gold_ore":4,"deep_dark_regrowth:overloaded_sculk":2,"biomesoplenty:sprout":2,"minecraft:lapis_ore":7,"endofherobrine:mossy_stone_bricks":2,"minecraft:sculk":28,"minecraft:diorite":1,"minecraft:wall_torch":13,"minecraft:birch_planks":5,"minecraft:birch_log":16,"biomesoplenty:fir_log":88,"minecraft:grass":55,"minecraft:coal_ore":38,"minecraft:oak_log":7,"biomesoplenty:fir_leaves":11,"minecraft:dark_oak_sapling":2,"minecraft:gravel":3,"minecraft:dirt":26,"minecraft:cobweb":2,"biomesoplenty:fir_sapling":3,"minecraft:cracked_stone_bricks":3,"born_in_chaos_v1:infernal_evil_pumpkin_s":1,"minecraft:netherrack":33,"minecraft:oak_leaves":4,"minecraft:fern":59,"minecraft:deepslate":55},"minecraft:crafted":{"minecraft:wooden_sword":1,"minecraft:cobblestone_slab":12,"vtaw_mw:diamond_battleaxe":1,"minecraft:cooked_chicken":2,"minecraft:furnace":6,"minecraft:cobblestone_stairs":84,"minecraft:cooked_mutton":3,"minecraft:diamond":1,"minecraft:diamond_helmet":1,"minecraft:diamond_leggings":1,"minecraft:iron_boots":1,"minecraft:iron_axe":1,"minecraft:melon_seeds":15,"minecraft:stone_pickaxe":9,"minecraft:chest":6,"minecraft:diamond_boots":1,"deep_dark_regrowth:plasma_axe":1,"minecraft:dark_oak_planks":260,"minecraft:stone_hoe":1,"deep_dark_regrowth:plasma":2,"minecraft:cooked_beef":18,"born_in_chaos_v1:smoked_fish":1,"biomesoplenty:jacaranda_planks":4,"minecraft:cooked_porkchop":14,"minecraft:dark_oak_stairs":20,"minecraft:crafting_table":3,"minecraft:wooden_pickaxe":1,"minecraft:baked_potato":46,"minecraft:iron_helmet":1,"minecraft:birch_planks":68,"minecraft:stone_axe":3,"vtaw_mw:stone_katana":1,"minecraft:air":0,"biomesoplenty:fir_planks":272,"minecraft:iron_chestplate":1,"minecraft:diamond_pickaxe":1,"minecraft:shield":2,"vtaw_mw:iron_katana":1,"minecraft:stick":52,"minecraft:iron_ingot":59,"minecraft:iron_pickaxe":3,"minecraft:stone_sword":2,"minecraft:iron_leggings":1,"minecraft:torch":104,"minecraft:diamond_chestplate":1,"biomesoplenty:fir_door":3},"minecraft:killed_by":{"undead_revamp2:sucker":2,"minecraft:player":5,"undead_revamp2:the_moonflower":1,"minecraft:creeper":1,"born_in_chaos_v1:corpse_fly":1,"endofherobrine:sheep":1,"undead_revamp2:thehunter":1,"man:managgresive":2,"apollyon:the_damned":1,"minecraft:skeleton":1,"arphex:centipede_evictor_larvae":1,"born_in_chaos_v1:scarlet_persecutor":2,"born_in_chaos_v1:dire_hound_leader":1,"undead_revamp2:thebeartamer":2},"minecraft:broken":{"minecraft:stone_pickaxe":4,"minecraft:stone_axe":2},"minecraft:custom":{"minecraft:mob_kills":104,"minecraft:interact_with_crafting_table":62,"minecraft:open_barrel":5,"minecraft:damage_dealt_resisted":239,"minecraft:leave_game":6,"minecraft:time_since_death":33342,"minecraft:climb_one_cm":17808,"minecraft:damage_resisted":93,"minecraft:sprint_one_cm":909002,"minecraft:walk_one_cm":1087384,"minecraft:damage_blocked_by_shield":1984,"minecraft:drop":72,"minecraft:talked_to_villager":2,"minecraft:play_time":455776,"minecraft:deaths":25,"minecraft:sneak_time":34367,"minecraft:walk_under_water_one_cm":60946,"minecraft:jump":7062,"minecraft:walk_on_water_one_cm":33312,"minecraft:total_world_time":455776,"minecraft:interact_with_furnace":109,"minecraft:sleep_in_bed":7,"minecraft:time_since_rest":7858,"minecraft:damage_taken":12437,"minecraft:damage_absorbed":160,"minecraft:damage_dealt":20023,"minecraft:player_kills":5,"minecraft:swim_one_cm":23234,"minecraft:fly_one_cm":1107440,"minecraft:open_chest":92,"minecraft:crouch_one_cm":103752,"minecraft:interact_with_smoker":10,"minecraft:fall_one_cm":171188},"minecraft:dropped":{"minecraft:moss_block":4,"minecraft:wheat_seeds":6,"minecraft:oak_log":5,"minecraft:baked_potato":1,"minecraft:cooked_porkchop":1,"minecraft:poisonous_potato":1,"minecraft:prismarine_crystals":6,"minecraft:cobblestone":92,"minecraft:stick":8,"minecraft:music_disc_13":2,"minecraft:diorite":1,"born_in_chaos_v1:monster_skin":1,"minecraft:torch":1,"minecraft:wooden_axe":1,"minecraft:melon_slice":5,"minecraft:wooden_sword":1,"gravestone:obituary":10,"born_in_chaos_v1:staffof_magic_arrows":2,"minecraft:iron_pickaxe":4,"minecraft:string":7,"minecraft:bone":25,"biomesoplenty:toadstool":8,"minecraft:stone_axe":1,"minecraft:cooked_chicken":1,"minecraft:stone_sword":1,"born_in_chaos_v1:ethereal_spirit":2,"minecraft:rotten_flesh":18,"minecraft:carrot":1,"biomesoplenty:fir_planks":16,"born_in_chaos_v1:corpse_maggot":3,"minecraft:wooden_pickaxe":1,"minecraft:stone_pickaxe":3},"minecraft:used":{"minecraft:moss_block":1,"vtaw_mw:iron_katana":224,"vtaw_mw:stone_katana":33,"minecraft:stone_sword":173,"born_in_chaos_v1:smoked_fish":1,"minecraft:chest":6,"minecraft:shield":21,"minecraft:cooked_chicken":1,"minecraft:stone_hoe":74,"minecraft:rotten_flesh":3,"minecraft:netherrack":17,"minecraft:iron_chestplate":1,"minecraft:torch":126,"minecraft:dirt":10,"minecraft:carrot":142,"minecraft:tuff":8,"minecraft:dark_oak_planks":106,"minecraft:iron_axe":19,"minecraft:melon_seeds":16,"biomesoplenty:jacaranda_sapling":5,"minecraft:furnace":8,"minecraft:cooked_beef":18,"minecraft:potato":35,"minecraft:enchanted_golden_apple":1,"vtaw_mw:diamond_battleaxe":37,"minecraft:wheat_seeds":2,"minecraft:cooked_mutton":3,"minecraft:dark_oak_stairs":26,"minecraft:cobblestone_stairs":53,"minecraft:birch_planks":56,"minecraft:stone_pickaxe":819,"minecraft:baked_potato":46,"minecraft:wooden_pickaxe":21,"minecraft:cobblestone_slab":12,"biomesoplenty:fir_planks":132,"minecraft:rail":1,"minecraft:crafting_table":5,"minecraft:diamond_pickaxe":103,"deep_dark_regrowth:plasma_axe":25,"minecraft:bread":5,"minecraft:melon_slice":45,"minecraft:iron_pickaxe":273,"born_in_chaos_v1:staffof_magic_arrows":4,"minecraft:stone_axe":386,"minecraft:cobblestone":215,"biomesoplenty:fir_door":2,"minecraft:cooked_porkchop":13}},"DataVersion":3465}