{"stats":{"minecraft:custom":{"minecraft:interact_with_furnace":15,"minecraft:mob_kills":22,"minecraft:interact_with_crafting_table":13,"minecraft:damage_dealt_resisted":10,"minecraft:leave_game":1,"minecraft:time_since_death":4025,"minecraft:time_since_rest":4057,"minecraft:sprint_one_cm":118574,"minecraft:damage_taken":3273,"minecraft:walk_one_cm":143131,"minecraft:drop":32,"minecraft:damage_dealt":3350,"minecraft:fly_one_cm":201557,"minecraft:open_chest":6,"minecraft:crouch_one_cm":20811,"minecraft:play_time":59979,"minecraft:deaths":10,"minecraft:sneak_time":7499,"minecraft:walk_under_water_one_cm":12440,"minecraft:jump":1179,"minecraft:walk_on_water_one_cm":2143,"minecraft:total_world_time":59979,"minecraft:fall_one_cm":24472},"minecraft:picked_up":{"minecraft:birch_log":17,"born_in_chaos_v1:staffof_magic_arrows":1,"born_in_chaos_v1:corpse_maggot":6,"minecraft:crafting_table":3,"minecraft:feather":2,"minecraft:chicken":1,"minecraft:leather":6,"biomesoplenty:fir_sapling":5,"minecraft:birch_planks":5,"biomesoplenty:fir_log":36,"undead_revamp2:huntereye":1,"minecraft:dirt":27,"minecraft:raw_copper":2,"minecraft:bone":4,"minecraft:wheat_seeds":12,"biomesoplenty:fir_planks":9,"minecraft:beef":9,"minecraft:furnace":2,"biomesoplenty:toadstool":13,"minecraft:stick":2,"minecraft:torch":7,"born_in_chaos_v1:ethereal_spirit":2,"minecraft:gravel":1,"minecraft:porkchop":1,"minecraft:arrow":2,"minecraft:rotten_flesh":8,"minecraft:coal":21,"minecraft:cobblestone":185},"minecraft:mined":{"minecraft:crafting_table":3,"gravestone:gravestone":9,"minecraft:grass_block":7,"biomesoplenty:fir_planks":8,"minecraft:copper_ore":1,"minecraft:cobblestone":2,"biomesoplenty:sprout":1,"minecraft:wall_torch":3,"minecraft:birch_planks":4,"minecraft:furnace":2,"biomesoplenty:toadstool":7,"minecraft:birch_log":16,"biomesoplenty:fir_log":34,"minecraft:grass":32,"minecraft:coal_ore":22,"biomesoplenty:fir_leaves":2,"minecraft:gravel":2,"minecraft:dirt":10,"biomesoplenty:fir_sapling":1,"minecraft:stone":190,"minecraft:fern":47},"minecraft:crafted":{"minecraft:cooked_beef":9,"minecraft:wooden_sword":1,"minecraft:cobblestone_slab":12,"minecraft:cooked_porkchop":1,"minecraft:crafting_table":2,"minecraft:cooked_chicken":1,"minecraft:wooden_pickaxe":1,"minecraft:furnace":1,"minecraft:birch_planks":68,"minecraft:stone_axe":1,"minecraft:air":0,"biomesoplenty:fir_planks":144,"minecraft:stick":12,"minecraft:stone_pickaxe":1,"minecraft:stone_sword":1,"minecraft:chest":2,"minecraft:torch":16,"biomesoplenty:fir_door":3},"minecraft:dropped":{"biomesoplenty:toadstool":8,"minecraft:stone_axe":1,"minecraft:wheat_seeds":6,"minecraft:oak_log":1,"minecraft:stone_sword":1,"born_in_chaos_v1:ethereal_spirit":2,"minecraft:cobblestone":92,"minecraft:rotten_flesh":13,"biomesoplenty:fir_planks":16,"born_in_chaos_v1:monster_skin":1,"minecraft:wooden_axe":1,"gravestone:obituary":3,"minecraft:wooden_sword":1,"minecraft:wooden_pickaxe":1,"minecraft:stone_pickaxe":1,"born_in_chaos_v1:staffof_magic_arrows":2},"minecraft:killed":{"minecraft:pig":1,"undead_revamp2:thehunter":1,"minecraft:spider":1,"born_in_chaos_v1:decrepit_skeleton":1,"born_in_chaos_v1:scarlet_persecutor":1,"minecraft:zombie":4,"minecraft:chicken":1,"born_in_chaos_v1:corpse_fly":5,"undead_revamp2:therod":1,"undead_revamp2:sucker":1,"minecraft:cow":5},"minecraft:used":{"minecraft:stone_sword":65,"minecraft:birch_planks":56,"minecraft:stone_pickaxe":210,"minecraft:chest":2,"minecraft:wooden_pickaxe":21,"biomesoplenty:fir_planks":114,"minecraft:cobblestone_slab":12,"minecraft:rotten_flesh":3,"minecraft:torch":12,"minecraft:dirt":9,"minecraft:crafting_table":4,"minecraft:stone_axe":104,"biomesoplenty:fir_door":2,"minecraft:furnace":3,"minecraft:cooked_beef":9},"minecraft:killed_by":{"man:managgresive":1,"apollyon:the_damned":1,"undead_revamp2:sucker":2,"minecraft:player":1,"minecraft:creeper":1,"born_in_chaos_v1:scarlet_persecutor":2,"undead_revamp2:thebeartamer":1},"minecraft:broken":{"minecraft:stone_pickaxe":1}},"DataVersion":3465}