{"stats":{"minecraft:killed":{"minecraft:pig":4,"born_in_chaos_v1:baby_skeleton":2,"born_in_chaos_v1:corpse_fly":3,"undead_revamp2:theskeeper":1},"minecraft:mined":{"minecraft:oak_sapling":1,"minecraft:dark_oak_leaves":1,"minecraft:dark_oak_log":2,"biomesoplenty:black_sand":1,"gravestone:gravestone":9,"minecraft:ladder":1,"minecraft:dead_bush":1,"minecraft:tall_grass":2,"minecraft:oak_planks":5,"minecraft:furnace":1,"biomesoplenty:mahogany_log":5,"minecraft:iron_ore":6,"minecraft:andesite":1,"minecraft:black_carpet":1,"minecraft:coal_ore":9,"minecraft:grass":7,"minecraft:bookshelf":22,"minecraft:oak_log":19,"minecraft:vine":1,"minecraft:dirt":1,"minecraft:polished_andesite":2,"minecraft:stone":159,"minecraft:oak_leaves":6,"minecraft:fern":2},"minecraft:crafted":{"minecraft:wooden_sword":1,"minecraft:oak_planks":4,"minecraft:cooked_porkchop":4,"biomesoplenty:mahogany_planks":16,"minecraft:wooden_pickaxe":1,"minecraft:iron_sword":1,"minecraft:stone_axe":1,"minecraft:air":0,"minecraft:charcoal":4,"minecraft:stick":16,"minecraft:iron_ingot":4,"minecraft:stone_pickaxe":2,"minecraft:stone_sword":1},"minecraft:killed_by":{"undead_revamp2:theskeeper":1,"undead_revamp2:sucker":1,"minecraft:player":3,"arphex:spider_flat":4,"born_in_chaos_v1:corpse_fish":1,"undead_revamp2:thespitter":1},"minecraft:custom":{"minecraft:interact_with_furnace":18,"minecraft:mob_kills":11,"minecraft:interact_with_crafting_table":18,"minecraft:damage_dealt_resisted":128,"minecraft:leave_game":1,"minecraft:time_since_death":547,"minecraft:climb_one_cm":11476,"minecraft:time_since_rest":577,"minecraft:sprint_one_cm":190027,"minecraft:damage_taken":3095,"minecraft:walk_one_cm":184741,"minecraft:drop":13,"minecraft:damage_dealt":2167,"minecraft:fly_one_cm":297939,"minecraft:open_chest":2,"minecraft:play_time":91085,"minecraft:crouch_one_cm":20307,"minecraft:deaths":11,"minecraft:sneak_time":4961,"minecraft:walk_under_water_one_cm":2480,"minecraft:interact_with_lectern":3,"minecraft:jump":2002,"minecraft:walk_on_water_one_cm":2770,"minecraft:total_world_time":91085,"minecraft:fall_one_cm":55306},"minecraft:dropped":{"born_in_chaos_v1:corpse_maggot":3,"gravestone:obituary":11},"minecraft:broken":{"minecraft:stone_pickaxe":1},"minecraft:used":{"biomesoplenty:black_sand":1,"biomesoplenty:mahogany_planks":3,"minecraft:moss_carpet":1,"minecraft:stone_sword":32,"minecraft:polished_andesite":1,"minecraft:stone_pickaxe":174,"minecraft:wooden_pickaxe":9,"minecraft:iron_sword":18,"minecraft:cooked_chicken":1,"minecraft:rotten_flesh":5,"biomesoplenty:mahogany_log":1,"minecraft:dark_oak_log":2,"minecraft:stone_axe":53,"minecraft:wooden_sword":1,"minecraft:cobblestone":17,"minecraft:bow":3,"minecraft:furnace":1,"minecraft:cooked_porkchop":4},"minecraft:picked_up":{"minecraft:birch_log":6,"born_in_chaos_v1:corpse_maggot":3,"minecraft:ladder":1,"minecraft:wooden_pickaxe":1,"minecraft:oak_log":24,"gravestone:obituary":9,"minecraft:raw_copper":3,"minecraft:dirt":1,"minecraft:moss_carpet":1,"minecraft:bone":5,"minecraft:gray_carpet":1,"minecraft:bow":1,"minecraft:wheat_seeds":1,"biomesoplenty:black_sand":1,"minecraft:spruce_planks":1,"minecraft:stone_pickaxe":1,"minecraft:cooked_chicken":1,"minecraft:oak_planks":4,"biomesoplenty:mahogany_planks":5,"minecraft:furnace":1,"minecraft:book":66,"minecraft:dark_oak_sapling":1,"minecraft:stick":6,"minecraft:raw_iron":6,"minecraft:porkchop":5,"minecraft:jungle_planks":1,"minecraft:dark_oak_log":2,"minecraft:polished_andesite":1,"biomesoplenty:mahogany_log":5,"minecraft:stone_sword":1,"minecraft:arrow":4,"minecraft:rotten_flesh":6,"minecraft:spruce_sign":1,"minecraft:oak_sapling":1,"minecraft:coal":9,"minecraft:cobblestone":242}},"DataVersion":3465}