{"stats":{"minecraft:killed":{"minecraft:evoker":1,"minecraft:vex":1,"undead_revamp2:thehunter":2,"born_in_chaos_v1:restless_spirit":2,"minecraft:spider":3,"minecraft:vindicator":5,"born_in_chaos_v1:thornshell_crab":1,"born_in_chaos_v1:zombie_bruiser":1,"born_in_chaos_v1:scarlet_persecutor":1,"minecraft:skeleton":3,"arphex:hornet_harbinger":3,"minecraft:chicken":2,"born_in_chaos_v1:corpse_fish":1,"undead_revamp2:therod":1,"undead_revamp2:sucker":2,"minecraft:pig":7,"arphex:spider_jump":1,"minecraft:zombie_villager":1,"born_in_chaos_v1:diamond_termite":10,"undead_revamp2:the_moonflower":1,"undead_revamp2:thebeartamer":1,"minecraft:creeper":1,"born_in_chaos_v1:decrepit_skeleton":3,"minecraft:sheep":1,"minecraft:zombie":10,"born_in_chaos_v1:dread_hound":1,"born_in_chaos_v1:corpse_fly":15,"born_in_chaos_v1:dark_vortex":1,"endofherobrine:sheep":7,"minecraft:villager":1,"minecraft:cow":8},"minecraft:picked_up":{"minecraft:crafting_table":3,"born_in_chaos_v1:diamond_termite_shard":11,"minecraft:wheat":2,"minecraft:chicken":2,"minecraft:enchanted_book":3,"biomesoplenty:jacaranda_sapling":5,"gravestone:obituary":2,"minecraft:string":6,"minecraft:raw_copper":44,"minecraft:netherite_ingot":2,"minecraft:cobbled_deepslate":61,"biomesoplenty:fir_planks":15,"minecraft:echo_shard":16,"minecraft:beef":18,"deep_dark_regrowth:sculk_soil":4,"minecraft:azalea":1,"minecraft:iron_pickaxe":2,"minecraft:melon_slice":50,"deep_dark_regrowth:soul_of_the_depths":2,"minecraft:furnace":3,"minecraft:dark_oak_sapling":3,"minecraft:stick":7,"minecraft:raw_iron":183,"minecraft:torch":61,"minecraft:porkchop":14,"minecraft:carrot":81,"minecraft:diorite":1,"minecraft:redstone":4,"minecraft:prismarine_crystals":6,"minecraft:dark_oak_planks":18,"minecraft:arrow":7,"minecraft:rotten_flesh":17,"biomesoplenty:jacaranda_log":112,"minecraft:carved_pumpkin":1,"minecraft:gold_ingot":4,"born_in_chaos_v1:spiny_shell":4,"minecraft:totem_of_undying":1,"deep_dark_regrowth:sculk_bone":4,"minecraft:mutton":4,"minecraft:rail":1,"minecraft:white_wool":1,"minecraft:cobblestone":656,"minecraft:birch_log":17,"born_in_chaos_v1:staffof_magic_arrows":1,"born_in_chaos_v1:corpse_maggot":11,"minecraft:feather":2,"minecraft:andesite":11,"minecraft:potato":62,"minecraft:leather":9,"minecraft:birch_planks":6,"biomesoplenty:fir_sapling":10,"biomesoplenty:fir_log":103,"minecraft:tuff":10,"minecraft:oak_log":14,"undead_revamp2:huntereye":1,"deep_dark_regrowth:cerebrawl":1,"minecraft:silence_armor_trim_smithing_template":1,"minecraft:cobblestone_stairs":4,"minecraft:lapis_lazuli":35,"minecraft:dirt":46,"minecraft:bone":17,"minecraft:wheat_seeds":16,"minecraft:raw_gold":4,"minecraft:iron_ingot":1,"minecraft:stone_pickaxe":1,"minecraft:moss_block":5,"deep_dark_regrowth:mechanical_yaw":1,"minecraft:dark_oak_stairs":6,"biomesoplenty:toadstool":18,"deep_dark_regrowth:plasma_chunk":8,"minecraft:music_disc_13":1,"born_in_chaos_v1:ethereal_spirit":6,"minecraft:poisonous_potato":1,"minecraft:gravel":2,"born_in_chaos_v1:dark_rod":1,"minecraft:stripped_spruce_log":31,"minecraft:fermented_spider_eye":1,"minecraft:dark_oak_log":68,"undead_revamp2:rawbostrox":1,"deep_dark_regrowth:etherium_gem":5,"deep_dark_regrowth:dungeon":1,"minecraft:stone_axe":1,"minecraft:diamond":31,"deep_dark_regrowth:unbreakability_seal":8,"minecraft:emerald":5,"minecraft:baked_potato":1,"born_in_chaos_v1:rotten_fish":2,"minecraft:melon_seeds":1,"minecraft:coal":36},"minecraft:mined":{"minecraft:dark_oak_planks":20,"minecraft:diamond_ore":2,"minecraft:tuff":21,"deep_dark_regrowth:sculk_soil":5,"minecraft:dark_oak_leaves":2,"minecraft:deepslate_diamond_ore":11,"minecraft:cobblestone_stairs":4,"minecraft:dark_oak_log":32,"minecraft:sea_lantern":2,"deep_dark_regrowth:large_ancient_vase_top":3,"born_in_chaos_v1:infected_diamond_ore":1,"minecraft:glow_lichen":1,"gravestone:gravestone":20,"minecraft:grass_block":11,"minecraft:moss_block":6,"minecraft:spawner":3,"biomesoplenty:jacaranda_log":97,"minecraft:redstone_ore":1,"deep_dark_regrowth:ancient_vase":2,"minecraft:furnace":3,"minecraft:carrots":39,"minecraft:cobbled_deepslate":10,"undead_revamp2:bostroxore":1,"biomesoplenty:toadstool":7,"minecraft:iron_ore":67,"minecraft:andesite":12,"minecraft:stripped_spruce_log":33,"minecraft:dark_oak_stairs":7,"minecraft:potatoes":22,"minecraft:deepslate_iron_ore":98,"minecraft:azalea":1,"minecraft:stone":633,"biomesoplenty:jacaranda_leaves":7,"minecraft:glass_pane":3,"minecraft:melon_stem":1,"born_in_chaos_v1:infected_deepslate_diamond_ore":2,"minecraft:crafting_table":3,"minecraft:torch":6,"deep_dark_regrowth:large_ancient_vase_top_west":2,"biomesoplenty:fir_planks":8,"minecraft:melon":10,"biomesoplenty:stripped_jacaranda_log":1,"minecraft:cobblestone":32,"minecraft:tall_grass":7,"minecraft:copper_ore":13,"deep_dark_regrowth:overloaded_sculk":2,"minecraft:deepslate_gold_ore":4,"biomesoplenty:sprout":2,"minecraft:lapis_ore":7,"minecraft:sculk":28,"endofherobrine:mossy_stone_bricks":2,"minecraft:diorite":1,"minecraft:wall_torch":13,"minecraft:birch_planks":5,"minecraft:birch_log":16,"biomesoplenty:fir_log":88,"minecraft:grass":53,"minecraft:oak_log":7,"minecraft:coal_ore":38,"biomesoplenty:fir_leaves":11,"minecraft:dark_oak_sapling":2,"minecraft:gravel":3,"minecraft:dirt":26,"minecraft:cobweb":2,"biomesoplenty:fir_sapling":3,"minecraft:cracked_stone_bricks":3,"born_in_chaos_v1:infernal_evil_pumpkin_s":1,"minecraft:oak_leaves":4,"minecraft:deepslate":55,"minecraft:fern":59},"minecraft:crafted":{"minecraft:wooden_sword":1,"minecraft:cobblestone_slab":12,"vtaw_mw:diamond_battleaxe":1,"minecraft:cooked_chicken":2,"minecraft:furnace":6,"minecraft:cobblestone_stairs":84,"minecraft:cooked_mutton":3,"minecraft:diamond_helmet":1,"minecraft:diamond":1,"minecraft:diamond_leggings":1,"minecraft:iron_boots":1,"minecraft:iron_axe":1,"minecraft:melon_seeds":15,"minecraft:stone_pickaxe":9,"minecraft:chest":6,"minecraft:diamond_boots":1,"minecraft:dark_oak_planks":260,"minecraft:stone_hoe":1,"minecraft:cooked_beef":18,"born_in_chaos_v1:smoked_fish":1,"biomesoplenty:jacaranda_planks":4,"minecraft:cooked_porkchop":14,"minecraft:dark_oak_stairs":20,"minecraft:crafting_table":3,"minecraft:iron_helmet":1,"minecraft:wooden_pickaxe":1,"minecraft:baked_potato":46,"minecraft:birch_planks":68,"minecraft:stone_axe":3,"vtaw_mw:stone_katana":1,"minecraft:air":0,"biomesoplenty:fir_planks":272,"minecraft:iron_chestplate":1,"minecraft:diamond_pickaxe":1,"minecraft:shield":2,"vtaw_mw:iron_katana":1,"minecraft:stick":52,"minecraft:iron_ingot":59,"minecraft:iron_pickaxe":3,"minecraft:stone_sword":2,"minecraft:iron_leggings":1,"minecraft:torch":104,"minecraft:diamond_chestplate":1,"biomesoplenty:fir_door":3},"minecraft:killed_by":{"undead_revamp2:sucker":2,"minecraft:player":4,"undead_revamp2:the_moonflower":1,"minecraft:creeper":1,"born_in_chaos_v1:corpse_fly":1,"endofherobrine:sheep":1,"undead_revamp2:thehunter":1,"man:managgresive":2,"apollyon:the_damned":1,"minecraft:skeleton":1,"born_in_chaos_v1:scarlet_persecutor":2,"born_in_chaos_v1:dire_hound_leader":1,"undead_revamp2:thebeartamer":2},"minecraft:broken":{"minecraft:stone_pickaxe":4,"minecraft:stone_axe":2},"minecraft:custom":{"minecraft:mob_kills":101,"minecraft:interact_with_crafting_table":58,"minecraft:open_barrel":5,"minecraft:damage_dealt_resisted":197,"minecraft:leave_game":4,"minecraft:time_since_death":54015,"minecraft:climb_one_cm":17808,"minecraft:damage_resisted":93,"minecraft:sprint_one_cm":836458,"minecraft:walk_one_cm":999931,"minecraft:damage_blocked_by_shield":1804,"minecraft:drop":70,"minecraft:talked_to_villager":1,"minecraft:play_time":411340,"minecraft:deaths":23,"minecraft:sneak_time":32532,"minecraft:walk_under_water_one_cm":59240,"minecraft:jump":6416,"minecraft:walk_on_water_one_cm":32413,"minecraft:total_world_time":411340,"minecraft:interact_with_furnace":108,"minecraft:sleep_in_bed":4,"minecraft:time_since_rest":54052,"minecraft:damage_taken":11542,"minecraft:damage_absorbed":160,"minecraft:damage_dealt":19002,"minecraft:player_kills":5,"minecraft:swim_one_cm":16054,"minecraft:fly_one_cm":980637,"minecraft:open_chest":89,"minecraft:crouch_one_cm":97615,"minecraft:interact_with_smoker":10,"minecraft:fall_one_cm":153589},"minecraft:dropped":{"minecraft:moss_block":4,"minecraft:wheat_seeds":6,"minecraft:oak_log":5,"minecraft:baked_potato":1,"minecraft:cooked_porkchop":1,"minecraft:poisonous_potato":1,"minecraft:cobblestone":92,"minecraft:prismarine_crystals":6,"minecraft:stick":8,"minecraft:music_disc_13":2,"minecraft:diorite":1,"minecraft:torch":1,"born_in_chaos_v1:monster_skin":1,"minecraft:wooden_axe":1,"minecraft:melon_slice":5,"gravestone:obituary":9,"minecraft:wooden_sword":1,"born_in_chaos_v1:staffof_magic_arrows":2,"minecraft:iron_pickaxe":3,"minecraft:string":7,"minecraft:bone":25,"biomesoplenty:toadstool":8,"minecraft:stone_axe":1,"minecraft:cooked_chicken":1,"minecraft:stone_sword":1,"born_in_chaos_v1:ethereal_spirit":2,"minecraft:rotten_flesh":18,"minecraft:carrot":1,"biomesoplenty:fir_planks":16,"born_in_chaos_v1:corpse_maggot":3,"minecraft:stone_pickaxe":3,"minecraft:wooden_pickaxe":1},"minecraft:used":{"minecraft:moss_block":1,"vtaw_mw:iron_katana":224,"vtaw_mw:stone_katana":33,"minecraft:stone_sword":173,"born_in_chaos_v1:smoked_fish":1,"minecraft:chest":6,"minecraft:shield":17,"minecraft:cooked_chicken":1,"minecraft:stone_hoe":74,"minecraft:rotten_flesh":3,"minecraft:iron_chestplate":1,"minecraft:torch":126,"minecraft:dirt":10,"minecraft:carrot":105,"minecraft:tuff":8,"minecraft:dark_oak_planks":92,"minecraft:iron_axe":19,"minecraft:melon_seeds":16,"biomesoplenty:jacaranda_sapling":5,"minecraft:furnace":8,"minecraft:cooked_beef":18,"minecraft:potato":17,"vtaw_mw:diamond_battleaxe":5,"minecraft:enchanted_golden_apple":1,"minecraft:wheat_seeds":2,"minecraft:cooked_mutton":3,"minecraft:dark_oak_stairs":26,"minecraft:cobblestone_stairs":53,"minecraft:birch_planks":56,"minecraft:stone_pickaxe":819,"minecraft:baked_potato":46,"minecraft:wooden_pickaxe":21,"biomesoplenty:fir_planks":132,"minecraft:cobblestone_slab":12,"minecraft:rail":1,"minecraft:crafting_table":5,"minecraft:bread":4,"minecraft:melon_slice":30,"minecraft:iron_pickaxe":270,"born_in_chaos_v1:staffof_magic_arrows":4,"minecraft:stone_axe":386,"minecraft:cobblestone":215,"biomesoplenty:fir_door":2,"minecraft:cooked_porkchop":13}},"DataVersion":3465}