{"stats":{"minecraft:dropped":{"minecraft:wheat_seeds":6,"minecraft:oak_log":1,"minecraft:cooked_porkchop":1,"minecraft:cobblestone":92,"born_in_chaos_v1:monster_skin":1,"minecraft:wooden_axe":1,"gravestone:obituary":3,"minecraft:wooden_sword":1,"born_in_chaos_v1:staffof_magic_arrows":2,"minecraft:string":7,"biomesoplenty:toadstool":8,"minecraft:stone_axe":1,"minecraft:cooked_chicken":1,"minecraft:stone_sword":1,"born_in_chaos_v1:ethereal_spirit":2,"minecraft:rotten_flesh":13,"biomesoplenty:fir_planks":16,"born_in_chaos_v1:corpse_maggot":1,"minecraft:stone_pickaxe":1,"minecraft:wooden_pickaxe":1},"minecraft:used":{"vtaw_mw:stone_katana":5,"minecraft:stone_sword":173,"minecraft:chest":6,"minecraft:cooked_chicken":1,"minecraft:rotten_flesh":3,"minecraft:torch":65,"minecraft:dirt":9,"minecraft:carrot":2,"minecraft:furnace":8,"minecraft:cooked_beef":18,"minecraft:potato":5,"minecraft:cooked_mutton":3,"minecraft:cobblestone_stairs":53,"minecraft:birch_planks":56,"minecraft:stone_pickaxe":658,"minecraft:wooden_pickaxe":21,"biomesoplenty:fir_planks":125,"minecraft:cobblestone_slab":12,"minecraft:crafting_table":5,"minecraft:bread":3,"born_in_chaos_v1:staffof_magic_arrows":4,"minecraft:stone_axe":269,"minecraft:cobblestone":6,"biomesoplenty:fir_door":2,"minecraft:cooked_porkchop":8},"minecraft:custom":{"minecraft:mob_kills":60,"minecraft:interact_with_crafting_table":36,"minecraft:open_barrel":5,"minecraft:damage_dealt_resisted":120,"minecraft:leave_game":2,"minecraft:time_since_death":72464,"minecraft:climb_one_cm":6657,"minecraft:sprint_one_cm":370586,"minecraft:walk_one_cm":478524,"minecraft:drop":36,"minecraft:play_time":213448,"minecraft:deaths":12,"minecraft:sneak_time":18703,"minecraft:walk_under_water_one_cm":12440,"minecraft:jump":3110,"minecraft:walk_on_water_one_cm":2143,"minecraft:total_world_time":213448,"minecraft:interact_with_furnace":62,"minecraft:sleep_in_bed":1,"minecraft:time_since_rest":3652,"minecraft:damage_taken":5200,"minecraft:damage_dealt":8231,"minecraft:fly_one_cm":502613,"minecraft:player_kills":3,"minecraft:open_chest":54,"minecraft:crouch_one_cm":59811,"minecraft:fall_one_cm":68993},"minecraft:mined":{"minecraft:dark_oak_planks":2,"minecraft:cobblestone_stairs":4,"minecraft:dark_oak_log":31,"gravestone:gravestone":10,"minecraft:grass_block":8,"minecraft:spawner":2,"minecraft:furnace":3,"biomesoplenty:toadstool":7,"minecraft:andesite":12,"minecraft:stripped_spruce_log":33,"minecraft:stone":602,"minecraft:glass_pane":3,"minecraft:crafting_table":3,"minecraft:torch":1,"biomesoplenty:fir_planks":8,"minecraft:tall_grass":1,"minecraft:copper_ore":13,"minecraft:cobblestone":4,"biomesoplenty:sprout":2,"minecraft:wall_torch":9,"minecraft:birch_planks":4,"minecraft:birch_log":16,"biomesoplenty:fir_log":88,"minecraft:grass":41,"minecraft:oak_log":6,"minecraft:coal_ore":22,"biomesoplenty:fir_leaves":11,"minecraft:dark_oak_sapling":2,"minecraft:dirt":20,"minecraft:gravel":3,"minecraft:cobweb":1,"biomesoplenty:fir_sapling":3,"born_in_chaos_v1:infernal_evil_pumpkin_s":1,"minecraft:fern":59},"minecraft:picked_up":{"minecraft:crafting_table":3,"minecraft:wheat":2,"minecraft:chicken":2,"gravestone:obituary":1,"minecraft:string":1,"minecraft:raw_copper":44,"biomesoplenty:fir_planks":9,"minecraft:beef":18,"minecraft:furnace":3,"minecraft:dark_oak_sapling":3,"minecraft:stick":3,"minecraft:torch":13,"minecraft:porkchop":11,"minecraft:dark_oak_planks":1,"minecraft:arrow":2,"minecraft:rotten_flesh":9,"minecraft:carved_pumpkin":1,"minecraft:mutton":4,"minecraft:white_wool":1,"minecraft:cobblestone":593,"minecraft:birch_log":17,"born_in_chaos_v1:corpse_maggot":9,"born_in_chaos_v1:staffof_magic_arrows":1,"minecraft:feather":2,"minecraft:andesite":11,"minecraft:leather":9,"biomesoplenty:fir_log":103,"biomesoplenty:fir_sapling":10,"minecraft:birch_planks":5,"minecraft:oak_log":6,"undead_revamp2:huntereye":1,"minecraft:cobblestone_stairs":4,"minecraft:dirt":39,"minecraft:bone":5,"minecraft:wheat_seeds":14,"minecraft:iron_ingot":1,"biomesoplenty:toadstool":18,"born_in_chaos_v1:ethereal_spirit":5,"minecraft:gravel":2,"minecraft:stripped_spruce_log":31,"minecraft:fermented_spider_eye":1,"minecraft:dark_oak_log":67,"minecraft:emerald":5,"minecraft:coal":21},"minecraft:broken":{"minecraft:stone_pickaxe":4,"minecraft:stone_axe":1},"minecraft:crafted":{"minecraft:wooden_sword":1,"minecraft:cobblestone_slab":12,"minecraft:cooked_chicken":2,"minecraft:furnace":6,"minecraft:cobblestone_stairs":84,"minecraft:cooked_mutton":3,"minecraft:stone_pickaxe":8,"minecraft:chest":6,"minecraft:cooked_beef":18,"minecraft:cooked_porkchop":11,"minecraft:crafting_table":3,"minecraft:wooden_pickaxe":1,"minecraft:birch_planks":68,"minecraft:stone_axe":3,"vtaw_mw:stone_katana":1,"minecraft:air":0,"biomesoplenty:fir_planks":272,"minecraft:shield":1,"minecraft:stick":40,"minecraft:stone_sword":2,"minecraft:torch":68,"biomesoplenty:fir_door":3},"minecraft:killed":{"undead_revamp2:thehunter":1,"born_in_chaos_v1:restless_spirit":1,"minecraft:vindicator":5,"minecraft:spider":3,"born_in_chaos_v1:scarlet_persecutor":1,"arphex:hornet_harbinger":3,"minecraft:chicken":2,"undead_revamp2:therod":1,"undead_revamp2:sucker":2,"minecraft:pig":6,"arphex:spider_jump":1,"born_in_chaos_v1:decrepit_skeleton":2,"minecraft:sheep":1,"minecraft:zombie":4,"born_in_chaos_v1:corpse_fly":10,"endofherobrine:sheep":7,"minecraft:cow":8},"minecraft:killed_by":{"minecraft:player":2,"undead_revamp2:sucker":2,"minecraft:creeper":1,"endofherobrine:sheep":1,"man:managgresive":1,"apollyon:the_damned":1,"born_in_chaos_v1:scarlet_persecutor":2,"undead_revamp2:thebeartamer":1}},"DataVersion":3465}