{"stats":{"minecraft:custom":{"minecraft:interact_with_furnace":20,"minecraft:mob_kills":22,"minecraft:interact_with_crafting_table":21,"minecraft:damage_dealt_resisted":10,"minecraft:leave_game":1,"minecraft:time_since_death":40025,"minecraft:time_since_rest":40057,"minecraft:sprint_one_cm":161722,"minecraft:damage_taken":3273,"minecraft:walk_one_cm":208897,"minecraft:drop":32,"minecraft:damage_dealt":3350,"minecraft:fly_one_cm":223835,"minecraft:open_chest":8,"minecraft:crouch_one_cm":53575,"minecraft:play_time":95979,"minecraft:deaths":10,"minecraft:sneak_time":16121,"minecraft:walk_under_water_one_cm":12440,"minecraft:jump":1479,"minecraft:walk_on_water_one_cm":2143,"minecraft:total_world_time":95979,"minecraft:fall_one_cm":27725},"minecraft:picked_up":{"minecraft:birch_log":17,"born_in_chaos_v1:staffof_magic_arrows":1,"born_in_chaos_v1:corpse_maggot":6,"minecraft:crafting_table":3,"minecraft:feather":2,"minecraft:chicken":1,"minecraft:andesite":11,"minecraft:leather":6,"biomesoplenty:fir_sapling":10,"minecraft:birch_planks":5,"biomesoplenty:fir_log":103,"undead_revamp2:huntereye":1,"minecraft:cobblestone_stairs":4,"minecraft:dirt":36,"minecraft:raw_copper":44,"minecraft:bone":4,"minecraft:wheat_seeds":13,"biomesoplenty:fir_planks":9,"minecraft:beef":9,"minecraft:furnace":2,"biomesoplenty:toadstool":18,"minecraft:stick":3,"minecraft:torch":10,"born_in_chaos_v1:ethereal_spirit":2,"minecraft:gravel":2,"minecraft:porkchop":1,"minecraft:arrow":2,"minecraft:rotten_flesh":8,"minecraft:coal":21,"minecraft:cobblestone":591},"minecraft:mined":{"minecraft:cobblestone_stairs":4,"minecraft:crafting_table":3,"gravestone:gravestone":9,"minecraft:grass_block":7,"biomesoplenty:fir_planks":8,"minecraft:copper_ore":13,"minecraft:cobblestone":2,"biomesoplenty:sprout":2,"minecraft:wall_torch":6,"minecraft:birch_planks":4,"minecraft:furnace":2,"biomesoplenty:toadstool":7,"minecraft:birch_log":16,"minecraft:andesite":12,"biomesoplenty:fir_log":88,"minecraft:grass":34,"minecraft:coal_ore":22,"biomesoplenty:fir_leaves":11,"minecraft:gravel":3,"minecraft:dirt":19,"biomesoplenty:fir_sapling":3,"minecraft:stone":602,"minecraft:fern":52},"minecraft:crafted":{"minecraft:cooked_beef":9,"minecraft:wooden_sword":1,"minecraft:cobblestone_slab":12,"minecraft:cooked_porkchop":1,"minecraft:crafting_table":2,"minecraft:cooked_chicken":1,"minecraft:wooden_pickaxe":1,"minecraft:furnace":1,"minecraft:cobblestone_stairs":84,"minecraft:birch_planks":68,"minecraft:stone_axe":1,"minecraft:air":0,"biomesoplenty:fir_planks":272,"minecraft:stick":40,"minecraft:stone_pickaxe":5,"minecraft:stone_sword":1,"minecraft:chest":2,"minecraft:torch":52,"biomesoplenty:fir_door":3},"minecraft:dropped":{"biomesoplenty:toadstool":8,"minecraft:stone_axe":1,"minecraft:wheat_seeds":6,"minecraft:oak_log":1,"minecraft:stone_sword":1,"born_in_chaos_v1:ethereal_spirit":2,"minecraft:cobblestone":92,"minecraft:rotten_flesh":13,"biomesoplenty:fir_planks":16,"born_in_chaos_v1:monster_skin":1,"minecraft:wooden_axe":1,"gravestone:obituary":3,"minecraft:wooden_sword":1,"minecraft:wooden_pickaxe":1,"minecraft:stone_pickaxe":1,"born_in_chaos_v1:staffof_magic_arrows":2},"minecraft:killed":{"minecraft:pig":1,"undead_revamp2:thehunter":1,"minecraft:spider":1,"born_in_chaos_v1:decrepit_skeleton":1,"born_in_chaos_v1:scarlet_persecutor":1,"minecraft:zombie":4,"minecraft:chicken":1,"born_in_chaos_v1:corpse_fly":5,"undead_revamp2:therod":1,"undead_revamp2:sucker":1,"minecraft:cow":5},"minecraft:used":{"minecraft:stone_sword":65,"minecraft:cobblestone_stairs":53,"minecraft:birch_planks":56,"minecraft:stone_pickaxe":653,"minecraft:chest":2,"minecraft:wooden_pickaxe":21,"biomesoplenty:fir_planks":120,"minecraft:cobblestone_slab":12,"minecraft:rotten_flesh":3,"minecraft:torch":36,"minecraft:dirt":9,"minecraft:crafting_table":4,"minecraft:stone_axe":180,"biomesoplenty:fir_door":2,"minecraft:furnace":3,"minecraft:cooked_porkchop":1,"minecraft:cooked_beef":9},"minecraft:killed_by":{"man:managgresive":1,"apollyon:the_damned":1,"undead_revamp2:sucker":2,"minecraft:player":1,"minecraft:creeper":1,"born_in_chaos_v1:scarlet_persecutor":2,"undead_revamp2:thebeartamer":1},"minecraft:broken":{"minecraft:stone_pickaxe":4}},"DataVersion":3465}