{"stats":{"minecraft:used":{"minecraft:sand":3},"minecraft:custom":{"minecraft:jump":29,"minecraft:time_since_rest":1819,"minecraft:leave_game":1,"minecraft:sprint_one_cm":5233,"minecraft:play_time":1819,"minecraft:walk_on_water_one_cm":3118,"minecraft:time_since_death":1819,"minecraft:walk_one_cm":2394,"minecraft:walk_under_water_one_cm":183,"minecraft:total_world_time":1819,"minecraft:fall_one_cm":952,"minecraft:fly_one_cm":6948},"minecraft:mined":{"minecraft:sand":3},"minecraft:picked_up":{"minecraft:sand":3}},"DataVersion":3465}