{"stats":{"minecraft:custom":{"minecraft:time_since_rest":3122,"minecraft:sprint_one_cm":37781,"minecraft:damage_taken":920,"minecraft:walk_one_cm":20836,"minecraft:mob_kills":6,"minecraft:drop":3,"minecraft:damage_dealt":1809,"minecraft:swim_one_cm":17582,"minecraft:interact_with_crafting_table":3,"minecraft:fly_one_cm":86631,"minecraft:crouch_one_cm":1875,"minecraft:play_time":17149,"minecraft:deaths":3,"minecraft:sneak_time":822,"minecraft:walk_under_water_one_cm":3292,"minecraft:jump":487,"minecraft:damage_dealt_resisted":8,"minecraft:leave_game":1,"minecraft:walk_on_water_one_cm":2456,"minecraft:time_since_death":3093,"minecraft:total_world_time":17149,"minecraft:climb_one_cm":1160,"minecraft:fall_one_cm":16674},"minecraft:killed_by":{"arphex:hornet_harbinger":1,"undead_revamp2:therod":1,"born_in_chaos_v1:zombie_lumberjack":1},"minecraft:crafted":{"minecraft:wooden_sword":1,"minecraft:oak_planks":44,"minecraft:crafting_table":1,"minecraft:stick":12,"minecraft:wooden_pickaxe":1,"minecraft:wooden_axe":1,"minecraft:stone_pickaxe":1,"minecraft:stone_sword":1,"minecraft:stone_axe":1,"minecraft:jungle_planks":20},"minecraft:dropped":{"minecraft:oak_sapling":10,"minecraft:rotten_flesh":8},"minecraft:used":{"biomesoplenty:black_sand":3,"minecraft:wooden_axe":3,"minecraft:moss_carpet":1,"minecraft:stone_sword":19,"minecraft:melon_slice":14,"minecraft:stone_pickaxe":1,"minecraft:wooden_pickaxe":9,"minecraft:stone_axe":14,"minecraft:wooden_sword":28,"minecraft:cobblestone":1,"minecraft:crafting_table":2},"minecraft:killed":{"minecraft:pig":1,"born_in_chaos_v1:baby_skeleton":1,"minecraft:drowned":1,"undead_revamp2:thespitter":1,"born_in_chaos_v1:zombie_bruiser":1,"born_in_chaos_v1:decrepit_skeleton":1},"minecraft:mined":{"biomesoplenty:black_sand":3,"minecraft:crafting_table":1,"gravestone:gravestone":2,"minecraft:grass":5,"minecraft:oak_log":4,"minecraft:melon":9,"minecraft:cocoa":1,"minecraft:jungle_log":5,"minecraft:stripped_oak_log":1,"minecraft:stone":10,"minecraft:oak_leaves":1,"minecraft:fern":2},"minecraft:picked_up":{"minecraft:stripped_oak_log":1,"minecraft:cocoa_beans":5,"minecraft:crafting_table":1,"minecraft:jungle_log":5,"minecraft:porkchop":2,"minecraft:oak_log":10,"minecraft:moss_carpet":1,"minecraft:bone":2,"minecraft:rotten_flesh":8,"minecraft:wheat_seeds":1,"biomesoplenty:black_sand":3,"minecraft:iron_ingot":1,"minecraft:jungle_sapling":1,"minecraft:oak_sapling":10,"minecraft:melon_slice":42,"minecraft:cobblestone":10}},"DataVersion":3465}