{"stats":{"minecraft:custom":{"minecraft:time_since_rest":120,"minecraft:sprint_one_cm":13529,"minecraft:damage_taken":255,"minecraft:walk_one_cm":11476,"minecraft:mob_kills":2,"minecraft:drop":1,"minecraft:damage_dealt":1161,"minecraft:interact_with_crafting_table":3,"minecraft:fly_one_cm":32583,"minecraft:crouch_one_cm":1313,"minecraft:play_time":6764,"minecraft:deaths":1,"minecraft:sneak_time":610,"minecraft:jump":181,"minecraft:damage_dealt_resisted":8,"minecraft:leave_game":1,"minecraft:time_since_death":0,"minecraft:climb_one_cm":230,"minecraft:total_world_time":6764,"minecraft:fall_one_cm":5401},"minecraft:killed_by":{"born_in_chaos_v1:zombie_lumberjack":1},"minecraft:crafted":{"minecraft:wooden_sword":1,"minecraft:crafting_table":1,"minecraft:stick":12,"minecraft:wooden_pickaxe":1,"minecraft:wooden_axe":1,"minecraft:stone_pickaxe":1,"minecraft:stone_sword":1,"minecraft:stone_axe":1,"minecraft:jungle_planks":20},"minecraft:dropped":{"minecraft:rotten_flesh":6},"minecraft:used":{"minecraft:wooden_axe":3,"minecraft:moss_carpet":1,"minecraft:melon_slice":2,"minecraft:stone_pickaxe":1,"minecraft:wooden_pickaxe":9,"minecraft:wooden_sword":28,"minecraft:crafting_table":2},"minecraft:killed":{"born_in_chaos_v1:zombie_bruiser":1,"born_in_chaos_v1:decrepit_skeleton":1},"minecraft:mined":{"minecraft:crafting_table":1,"minecraft:melon":3,"minecraft:cocoa":1,"minecraft:jungle_log":5,"minecraft:stone":10},"minecraft:picked_up":{"minecraft:cocoa_beans":5,"minecraft:crafting_table":1,"minecraft:jungle_log":5,"minecraft:moss_carpet":1,"minecraft:bone":1,"minecraft:rotten_flesh":6,"minecraft:iron_ingot":1,"minecraft:jungle_sapling":1,"minecraft:melon_slice":19,"minecraft:cobblestone":10}},"DataVersion":3465}