{"stats":{"minecraft:dropped":{"minecraft:iron_ingot":1,"minecraft:wheat_seeds":9,"minecraft:dark_oak_sapling":2,"minecraft:feather":2,"minecraft:cobblestone":128,"man:cassette_1safetyinstructions":2,"minecraft:copper_ingot":2,"biomesoplenty:jacaranda_log":1,"minecraft:music_disc_13":2,"minecraft:emerald":4,"minecraft:dirt":9,"born_in_chaos_v1:gnawed_bones":1,"minecraft:torch":57,"minecraft:wooden_axe":1,"born_in_chaos_v1:fused_bone":1,"minecraft:iron_leggings":1,"gravestone:obituary":25,"minecraft:wooden_sword":1,"minecraft:iron_axe":2,"born_in_chaos_v1:staffof_magic_arrows":2,"minecraft:iron_pickaxe":1,"minecraft:white_wool":2,"minecraft:bone":2,"minecraft:stone_axe":1,"minecraft:stone_sword":2,"minecraft:raw_copper":1,"born_in_chaos_v1:ethereal_spirit":1,"minecraft:oak_planks":19,"biomesoplenty:fir_planks":64,"minecraft:iron_chestplate":1,"minecraft:charcoal":9,"born_in_chaos_v1:corpse_maggot":2,"minecraft:stone_pickaxe":1,"minecraft:wooden_pickaxe":2,"minecraft:vex_armor_trim_smithing_template":1,"arphex:fly_appendage":4},"minecraft:used":{"minecraft:stone_sword":267,"born_in_chaos_v1:ethereal_spirit":2,"minecraft:shield":6,"minecraft:rotten_flesh":11,"minecraft:torch":8,"minecraft:dirt":1,"born_in_chaos_v1:corpse_maggot":22,"minecraft:wooden_axe":23,"undead_revamp2:huntereye":2,"minecraft:bow":1,"minecraft:furnace":5,"minecraft:cooked_beef":3,"minecraft:potato":2,"minecraft:cobbled_deepslate":6,"minecraft:cooked_mutton":2,"arphex:burning_glands":1,"biomesoplenty:fir_pressure_plate":2,"minecraft:stone_pickaxe":109,"minecraft:oak_planks":1,"minecraft:wooden_pickaxe":34,"biomesoplenty:fir_planks":5,"minecraft:glow_berries":3,"minecraft:crafting_table":16,"minecraft:bread":2,"minecraft:stone_axe":57,"minecraft:wooden_sword":133,"minecraft:cobblestone":32,"biomesoplenty:fir_door":1,"minecraft:porkchop":1,"minecraft:cooked_porkchop":11},"minecraft:custom":{"minecraft:mob_kills":86,"minecraft:interact_with_crafting_table":25,"minecraft:open_barrel":1,"minecraft:damage_dealt_resisted":986,"minecraft:leave_game":1,"minecraft:time_since_death":3537,"minecraft:climb_one_cm":4705,"minecraft:sprint_one_cm":656206,"minecraft:walk_one_cm":473360,"minecraft:damage_blocked_by_shield":310,"minecraft:drop":89,"minecraft:play_time":170748,"minecraft:deaths":36,"minecraft:walk_under_water_one_cm":1706,"minecraft:sneak_time":2554,"minecraft:jump":2907,"minecraft:walk_on_water_one_cm":1500,"minecraft:total_world_time":170748,"minecraft:interact_with_furnace":25,"minecraft:sleep_in_bed":1,"minecraft:time_since_rest":3565,"minecraft:damage_taken":11200,"minecraft:damage_dealt":13616,"minecraft:swim_one_cm":1924,"minecraft:fly_one_cm":558358,"minecraft:player_kills":4,"minecraft:open_chest":31,"minecraft:crouch_one_cm":9539,"minecraft:fall_one_cm":97694},"minecraft:mined":{"minecraft:dark_oak_planks":7,"minecraft:red_carpet":1,"minecraft:dark_oak_leaves":7,"minecraft:dark_oak_log":31,"minecraft:sea_lantern":2,"minecraft:carved_pumpkin":1,"gravestone:gravestone":36,"minecraft:grass_block":2,"minecraft:spruce_fence":1,"minecraft:furnace":5,"minecraft:oak_stairs":2,"minecraft:stone":71,"minecraft:crafting_table":6,"minecraft:torch":1,"biomesoplenty:fir_planks":6,"minecraft:poppy":1,"minecraft:mushroom_stem":1,"minecraft:cobblestone":6,"minecraft:tall_grass":4,"biomesoplenty:sprout":1,"minecraft:oak_planks":1,"minecraft:wall_torch":1,"minecraft:spruce_log":3,"biomesoplenty:fir_log":19,"minecraft:grass":35,"minecraft:oak_log":6,"minecraft:coal_ore":52,"biomesoplenty:fir_leaves":1,"minecraft:dirt":5,"biomesoplenty:fir_pressure_plate":1,"biomesoplenty:fir_sapling":1,"minecraft:spruce_fence_gate":1,"minecraft:deepslate":3,"minecraft:fern":20},"minecraft:picked_up":{"minecraft:crafting_table":6,"minecraft:wooden_pickaxe":1,"minecraft:oak_stairs":2,"gravestone:obituary":4,"minecraft:string":2,"minecraft:raw_copper":1,"minecraft:cobbled_deepslate":6,"biomesoplenty:fir_planks":21,"minecraft:beef":3,"born_in_chaos_v1:gnawed_bones":1,"minecraft:poppy":1,"minecraft:furnace":5,"minecraft:dark_oak_sapling":2,"minecraft:stick":6,"minecraft:copper_ingot":2,"minecraft:torch":30,"minecraft:spruce_fence":1,"minecraft:porkchop":11,"minecraft:prismarine_crystals":3,"minecraft:dark_oak_planks":16,"minecraft:stone_sword":2,"minecraft:arrow":3,"minecraft:rotten_flesh":32,"biomesoplenty:jacaranda_log":5,"minecraft:glow_berries":1,"minecraft:mutton":2,"minecraft:white_wool":1,"minecraft:cobblestone":297,"born_in_chaos_v1:fused_bone":1,"born_in_chaos_v1:staffof_magic_arrows":4,"born_in_chaos_v1:corpse_maggot":25,"born_in_chaos_v1:spiritual_dust":3,"minecraft:leather":2,"minecraft:potato":1,"biomesoplenty:fir_log":19,"minecraft:oak_log":8,"undead_revamp2:huntereye":1,"minecraft:cobblestone_stairs":1,"biomesoplenty:fir_pressure_plate":1,"minecraft:dirt":5,"born_in_chaos_v1:monster_skin":2,"minecraft:bone":5,"minecraft:bow":1,"minecraft:wheat_seeds":8,"arphex:burning_glands":1,"minecraft:stone_pickaxe":1,"biomesoplenty:toadstool":1,"minecraft:cooked_porkchop":1,"minecraft:music_disc_13":1,"born_in_chaos_v1:ethereal_spirit":5,"minecraft:spruce_log":3,"minecraft:dark_oak_log":34,"minecraft:spider_eye":2,"arphex:fly_appendage":4,"minecraft:spruce_fence_gate":1,"minecraft:stone_axe":1,"minecraft:coal":52},"minecraft:broken":{"minecraft:stone_sword":2},"minecraft:crafted":{"minecraft:wooden_sword":4,"minecraft:oak_planks":24,"minecraft:furnace":3,"minecraft:cooked_mutton":2,"minecraft:stone_pickaxe":3,"minecraft:dark_oak_planks":128,"minecraft:cooked_beef":3,"minecraft:cooked_porkchop":10,"minecraft:crafting_table":13,"minecraft:spruce_planks":12,"minecraft:wooden_pickaxe":2,"minecraft:stone_axe":4,"minecraft:air":0,"biomesoplenty:fir_planks":76,"minecraft:stick":96,"biomesoplenty:fir_pressure_plate":2,"minecraft:wooden_axe":2,"minecraft:stone_sword":4,"minecraft:torch":20},"minecraft:killed":{"undead_revamp2:thehunter":1,"born_in_chaos_v1:restless_spirit":1,"born_in_chaos_v1:zombie_lumberjack":1,"minecraft:vindicator":2,"minecraft:spider":5,"born_in_chaos_v1:maggot":4,"born_in_chaos_v1:scarlet_persecutor":3,"minecraft:skeleton":5,"arphex:hornet_harbinger":1,"arphex:blood_worm":1,"arphex:long_legs_fly":2,"arphex:ant_arsonist":1,"undead_revamp2:sucker":4,"born_in_chaos_v1:bonescaller":1,"minecraft:pig":5,"undead_revamp2:the_moonflower":3,"born_in_chaos_v1:decrepit_skeleton":2,"minecraft:sheep":1,"minecraft:zombie":4,"born_in_chaos_v1:dread_hound":1,"born_in_chaos_v1:corpse_fly":25,"endofherobrine:sheep":8,"minecraft:cow":1},"minecraft:killed_by":{"undead_revamp2:sucker":1,"minecraft:player":3,"born_in_chaos_v1:baby_skeleton_minion":1,"undead_revamp2:the_moonflower":4,"born_in_chaos_v1:nightmare_stalker":2,"minecraft:creeper":1,"born_in_chaos_v1:zombie_lumberjack":1,"born_in_chaos_v1:zombie_bruiser":1,"arphex:hornet_harbinger":1,"born_in_chaos_v1:corpse_fly":4,"undead_revamp2:thehorrors":1,"minecraft:vindicator":4,"born_in_chaos_v1:decrepit_skeleton":1,"undead_revamp2:therod":1,"born_in_chaos_v1:scarlet_persecutor":5,"minecraft:vex":1,"undead_revamp2:thegliter":2}},"DataVersion":3465}