{"stats":{"minecraft:killed":{"minecraft:pig":1,"born_in_chaos_v1:baby_skeleton":1,"born_in_chaos_v1:zombie_bruiser":1,"born_in_chaos_v1:decrepit_skeleton":1,"minecraft:sheep":3,"minecraft:chicken":1,"minecraft:drowned":1,"undead_revamp2:sucker":1,"undead_revamp2:thespitter":1,"minecraft:cow":7},"minecraft:mined":{"minecraft:spruce_planks":3,"biomesoplenty:black_sand":3,"minecraft:crafting_table":3,"gravestone:gravestone":9,"minecraft:grass_block":1,"minecraft:melon":9,"biomesoplenty:mahogany_planks":3,"minecraft:jungle_log":5,"minecraft:spruce_wall_sign":3,"minecraft:tall_grass":1,"minecraft:cobblestone":11,"minecraft:oak_planks":14,"minecraft:oak_wall_sign":3,"minecraft:furnace":1,"minecraft:grass":8,"minecraft:coal_ore":12,"minecraft:oak_log":21,"minecraft:cocoa":1,"minecraft:gray_carpet":3,"minecraft:dirt":11,"minecraft:stripped_oak_log":1,"minecraft:azalea":1,"minecraft:stone":93,"minecraft:polished_andesite":1,"minecraft:oak_leaves":6,"minecraft:fern":2},"minecraft:crafted":{"minecraft:cooked_beef":12,"minecraft:wooden_sword":1,"minecraft:oak_planks":112,"minecraft:crafting_table":2,"minecraft:wooden_pickaxe":1,"minecraft:furnace":2,"minecraft:stone_axe":1,"minecraft:cooked_mutton":4,"minecraft:air":0,"minecraft:jungle_planks":20,"minecraft:stick":12,"minecraft:stone_pickaxe":1,"minecraft:wooden_axe":1,"minecraft:stone_sword":1,"minecraft:white_bed":1},"minecraft:killed_by":{"man:managgresive":1,"undead_revamp2:therod":1,"born_in_chaos_v1:zombie_lumberjack":1,"arphex:hornet_harbinger":1,"undead_revamp2:thespitter":1},"minecraft:custom":{"minecraft:interact_with_furnace":16,"minecraft:mob_kills":18,"minecraft:interact_with_crafting_table":6,"minecraft:damage_dealt_resisted":8,"minecraft:leave_game":2,"minecraft:time_since_death":15250,"minecraft:sleep_in_bed":1,"minecraft:climb_one_cm":6864,"minecraft:time_since_rest":15286,"minecraft:sprint_one_cm":133710,"minecraft:damage_taken":2481,"minecraft:walk_one_cm":74999,"minecraft:drop":6,"minecraft:damage_dealt":2929,"minecraft:swim_one_cm":17582,"minecraft:fly_one_cm":206453,"minecraft:crouch_one_cm":6058,"minecraft:play_time":51204,"minecraft:sneak_time":2867,"minecraft:deaths":8,"minecraft:walk_under_water_one_cm":3292,"minecraft:interact_with_lectern":2,"minecraft:jump":1380,"minecraft:walk_on_water_one_cm":2705,"minecraft:total_world_time":51204,"minecraft:fall_one_cm":44347},"minecraft:dropped":{"minecraft:wheat_seeds":1,"minecraft:rotten_flesh":8,"minecraft:oak_sapling":10,"gravestone:obituary":2},"minecraft:used":{"biomesoplenty:black_sand":3,"minecraft:azalea":1,"minecraft:cooked_mutton":3,"minecraft:moss_carpet":1,"minecraft:writable_book":2,"minecraft:stone_sword":55,"minecraft:stone_pickaxe":112,"minecraft:oak_planks":28,"minecraft:oak_sign":3,"minecraft:black_carpet":1,"minecraft:wooden_pickaxe":9,"minecraft:spruce_sign":2,"minecraft:dirt":3,"minecraft:crafting_table":4,"minecraft:white_bed":1,"minecraft:wooden_axe":3,"minecraft:melon_slice":25,"minecraft:stone_axe":66,"minecraft:wooden_sword":28,"minecraft:cobblestone":30,"minecraft:furnace":2,"minecraft:oak_sapling":1,"minecraft:cooked_beef":2},"minecraft:picked_up":{"minecraft:stripped_oak_log":1,"minecraft:cocoa_beans":5,"minecraft:black_carpet":1,"minecraft:crafting_table":3,"minecraft:feather":2,"minecraft:chicken":1,"minecraft:jungle_log":5,"minecraft:leather":9,"minecraft:oak_log":27,"minecraft:dirt":10,"minecraft:moss_carpet":1,"minecraft:bone":3,"minecraft:oak_sign":3,"minecraft:gray_carpet":3,"minecraft:wheat_seeds":1,"biomesoplenty:black_sand":3,"minecraft:spruce_planks":2,"minecraft:iron_ingot":1,"minecraft:beef":12,"minecraft:azalea":1,"minecraft:jungle_sapling":1,"minecraft:melon_slice":42,"minecraft:oak_planks":10,"biomesoplenty:mahogany_planks":3,"minecraft:furnace":1,"minecraft:porkchop":2,"minecraft:polished_andesite":1,"minecraft:rotten_flesh":8,"minecraft:spruce_sign":2,"minecraft:oak_sapling":11,"minecraft:mutton":4,"minecraft:coal":12,"minecraft:white_wool":3,"minecraft:cobblestone":107}},"DataVersion":3465}