{"stats":{"minecraft:killed":{"minecraft:evoker":1,"minecraft:vex":3,"undead_revamp2:thehunter":1,"arphex:spider_flat":1,"born_in_chaos_v1:zombie_lumberjack":1,"born_in_chaos_v1:restless_spirit":1,"minecraft:spider":6,"minecraft:vindicator":2,"undead_revamp2:thesmoker":1,"born_in_chaos_v1:maggot":4,"born_in_chaos_v1:scarlet_persecutor":3,"minecraft:skeleton":5,"arphex:hornet_harbinger":1,"arphex:blood_worm":1,"arphex:long_legs_fly":2,"born_in_chaos_v1:corpse_fish":1,"arphex:ant_arsonist":1,"undead_revamp2:sucker":4,"undead_revamp2:thespitter":1,"born_in_chaos_v1:bonescaller":1,"minecraft:pig":5,"minecraft:salmon":1,"undead_revamp2:the_moonflower":3,"born_in_chaos_v1:decrepit_skeleton":2,"minecraft:sheep":1,"minecraft:zombie":4,"born_in_chaos_v1:dread_hound":1,"born_in_chaos_v1:corpse_fly":39,"endofherobrine:sheep":8,"minecraft:cow":1},"minecraft:picked_up":{"minecraft:crafting_table":6,"minecraft:wooden_pickaxe":1,"minecraft:oak_stairs":2,"gravestone:obituary":6,"minecraft:string":2,"minecraft:raw_copper":1,"minecraft:oak_sign":3,"minecraft:cobbled_deepslate":6,"biomesoplenty:fir_planks":21,"minecraft:beef":3,"born_in_chaos_v1:gnawed_bones":1,"minecraft:calcite":6,"minecraft:birch_sapling":5,"minecraft:poppy":1,"minecraft:melon_slice":79,"minecraft:furnace":6,"minecraft:dark_oak_sapling":2,"minecraft:stick":7,"minecraft:raw_iron":19,"minecraft:copper_ingot":2,"minecraft:big_dripleaf":1,"minecraft:torch":39,"minecraft:spruce_fence":1,"minecraft:porkchop":11,"minecraft:diorite":87,"minecraft:carrot":13,"minecraft:prismarine_crystals":3,"minecraft:dark_oak_planks":19,"minecraft:stone_sword":2,"minecraft:arrow":3,"minecraft:rotten_flesh":37,"biomesoplenty:jacaranda_log":25,"minecraft:totem_of_undying":1,"minecraft:glow_berries":1,"minecraft:mutton":2,"minecraft:birch_log":4,"minecraft:cracked_deepslate_tiles":6,"minecraft:white_wool":1,"minecraft:cobblestone":550,"born_in_chaos_v1:fused_bone":1,"biomesoplenty:lavender":3,"born_in_chaos_v1:staffof_magic_arrows":4,"born_in_chaos_v1:corpse_maggot":48,"born_in_chaos_v1:spiritual_dust":3,"minecraft:andesite":14,"minecraft:salmon":1,"minecraft:leather":2,"minecraft:red_mushroom":1,"minecraft:potato":1,"biomesoplenty:fir_log":19,"minecraft:oak_log":8,"undead_revamp2:huntereye":1,"minecraft:cobblestone_wall":1,"minecraft:cobblestone_stairs":2,"biomesoplenty:fir_pressure_plate":1,"minecraft:dirt":149,"born_in_chaos_v1:monster_skin":2,"minecraft:bone":5,"minecraft:bow":1,"minecraft:wheat_seeds":10,"minecraft:deepslate_brick_slab":3,"arphex:burning_glands":2,"minecraft:stone_pickaxe":1,"minecraft:moss_block":10,"minecraft:oak_slab":3,"biomesoplenty:toadstool":1,"minecraft:cooked_porkchop":1,"minecraft:music_disc_13":1,"born_in_chaos_v1:ethereal_spirit":5,"minecraft:gravel":4,"minecraft:fermented_spider_eye":2,"minecraft:spruce_log":7,"minecraft:dark_oak_log":41,"minecraft:spider_eye":2,"minecraft:spruce_fence_gate":1,"arphex:fly_appendage":4,"minecraft:polished_diorite":6,"minecraft:stone_axe":1,"minecraft:granite":12,"minecraft:bread":1,"born_in_chaos_v1:rotten_fish":1,"minecraft:melon_seeds":2,"minecraft:coal":52},"minecraft:mined":{"minecraft:dark_oak_planks":10,"minecraft:red_carpet":1,"minecraft:dark_oak_leaves":35,"minecraft:cobblestone_stairs":2,"minecraft:dark_oak_log":40,"minecraft:sea_lantern":2,"minecraft:carved_pumpkin":1,"minecraft:granite":15,"minecraft:cave_vines_plant":7,"gravestone:gravestone":42,"minecraft:spruce_fence":1,"minecraft:grass_block":8,"minecraft:moss_block":56,"biomesoplenty:jacaranda_log":18,"minecraft:furnace":6,"minecraft:iron_ore":20,"biomesoplenty:lavender":3,"minecraft:andesite":14,"minecraft:moss_carpet":2,"minecraft:cave_vines":2,"minecraft:oak_stairs":2,"minecraft:stone":322,"minecraft:glass_pane":11,"minecraft:melon_stem":1,"minecraft:crafting_table":6,"minecraft:torch":1,"minecraft:melon":13,"biomesoplenty:fir_planks":6,"minecraft:poppy":1,"minecraft:mushroom_stem":1,"minecraft:cobblestone":14,"minecraft:tall_grass":5,"biomesoplenty:sprout":1,"minecraft:oak_planks":1,"minecraft:diorite":113,"minecraft:wall_torch":1,"minecraft:big_dripleaf":1,"minecraft:cobblestone_wall":1,"minecraft:spruce_log":3,"biomesoplenty:fir_log":19,"minecraft:grass":40,"minecraft:oak_log":6,"minecraft:coal_ore":52,"biomesoplenty:fir_leaves":1,"minecraft:gravel":4,"minecraft:dirt":53,"biomesoplenty:fir_pressure_plate":1,"biomesoplenty:fir_sapling":1,"minecraft:red_mushroom_block":3,"minecraft:spruce_fence_gate":1,"minecraft:deepslate":3,"minecraft:fern":20},"minecraft:crafted":{"minecraft:wooden_sword":4,"minecraft:oak_planks":24,"minecraft:stone_shovel":1,"minecraft:furnace":4,"minecraft:cobblestone_stairs":88,"minecraft:cooked_mutton":2,"minecraft:stone_pickaxe":7,"minecraft:chest":1,"minecraft:dark_oak_planks":140,"minecraft:cooked_beef":3,"biomesoplenty:jacaranda_planks":96,"minecraft:cooked_porkchop":10,"minecraft:crafting_table":15,"minecraft:spruce_planks":28,"minecraft:wooden_pickaxe":2,"minecraft:stone_axe":5,"minecraft:air":0,"biomesoplenty:fir_planks":80,"minecraft:iron_chestplate":1,"biomesoplenty:fir_pressure_plate":2,"minecraft:stick":108,"minecraft:iron_ingot":10,"minecraft:wooden_axe":2,"minecraft:stone_sword":5,"minecraft:torch":92},"minecraft:killed_by":{"undead_revamp2:sucker":1,"minecraft:player":3,"born_in_chaos_v1:baby_skeleton_minion":1,"undead_revamp2:the_moonflower":4,"born_in_chaos_v1:nightmare_stalker":2,"minecraft:creeper":1,"born_in_chaos_v1:zombie_lumberjack":1,"born_in_chaos_v1:zombie_bruiser":1,"arphex:hornet_harbinger":1,"born_in_chaos_v1:corpse_fly":4,"born_in_chaos_v1:siamese_skeletonsleft":1,"undead_revamp2:thehorrors":1,"minecraft:vindicator":4,"born_in_chaos_v1:decrepit_skeleton":1,"undead_revamp2:therod":1,"born_in_chaos_v1:scarlet_persecutor":5,"cave_dweller:cave_dweller":1,"minecraft:vex":5,"undead_revamp2:thegliter":2},"minecraft:broken":{"minecraft:stone_sword":3,"minecraft:stone_pickaxe":3},"minecraft:custom":{"minecraft:mob_kills":110,"minecraft:interact_with_crafting_table":37,"minecraft:open_barrel":1,"minecraft:damage_dealt_resisted":1018,"minecraft:leave_game":2,"minecraft:time_since_death":40961,"minecraft:climb_one_cm":6159,"minecraft:sprint_one_cm":1023021,"minecraft:walk_one_cm":717508,"minecraft:damage_blocked_by_shield":310,"minecraft:drop":124,"minecraft:talked_to_villager":2,"minecraft:play_time":265923,"minecraft:deaths":42,"minecraft:sneak_time":10493,"minecraft:walk_under_water_one_cm":10104,"minecraft:interact_with_lectern":3,"minecraft:jump":4447,"minecraft:walk_on_water_one_cm":7409,"minecraft:total_world_time":265923,"minecraft:interact_with_furnace":34,"minecraft:sleep_in_bed":2,"minecraft:time_since_rest":40991,"minecraft:damage_taken":13395,"minecraft:damage_dealt":16569,"minecraft:swim_one_cm":31970,"minecraft:fly_one_cm":868888,"minecraft:player_kills":4,"minecraft:open_chest":39,"minecraft:crouch_one_cm":29440,"minecraft:fall_one_cm":124117},"minecraft:used":{"minecraft:writable_book":1,"minecraft:stone_sword":371,"born_in_chaos_v1:ethereal_spirit":2,"minecraft:stone_shovel":90,"minecraft:chest":1,"minecraft:shield":6,"minecraft:rotten_flesh":19,"minecraft:torch":60,"minecraft:dirt":16,"minecraft:granite":11,"born_in_chaos_v1:corpse_maggot":45,"minecraft:dark_oak_planks":15,"minecraft:wooden_axe":23,"undead_revamp2:huntereye":2,"minecraft:bow":1,"minecraft:furnace":7,"minecraft:cooked_beef":3,"minecraft:potato":2,"minecraft:cobbled_deepslate":6,"minecraft:cooked_mutton":2,"minecraft:diorite":76,"minecraft:cobblestone_stairs":87,"arphex:burning_glands":2,"biomesoplenty:fir_pressure_plate":2,"minecraft:stone_pickaxe":562,"minecraft:oak_planks":1,"minecraft:wooden_pickaxe":34,"biomesoplenty:fir_planks":5,"minecraft:salmon":1,"minecraft:glow_berries":3,"minecraft:crafting_table":19,"minecraft:dark_oak_log":4,"minecraft:bread":3,"minecraft:melon_slice":45,"minecraft:stone_axe":89,"minecraft:wooden_sword":133,"born_in_chaos_v1:rotten_fish":1,"minecraft:cobblestone":158,"biomesoplenty:fir_door":1,"minecraft:porkchop":1,"minecraft:cooked_porkchop":11,"minecraft:andesite":4},"minecraft:dropped":{"minecraft:iron_ingot":1,"minecraft:oak_slab":3,"minecraft:wheat_seeds":9,"minecraft:dark_oak_sapling":2,"minecraft:feather":2,"biomesoplenty:lavender":3,"minecraft:cobblestone":128,"minecraft:spectral_arrow":1,"man:cassette_1safetyinstructions":2,"minecraft:granite":1,"minecraft:copper_ingot":2,"minecraft:red_mushroom":1,"minecraft:stick":23,"minecraft:cobblestone_stairs":2,"biomesoplenty:jacaranda_log":1,"minecraft:music_disc_13":2,"minecraft:emerald":4,"minecraft:dirt":74,"born_in_chaos_v1:gnawed_bones":1,"minecraft:diorite":1,"minecraft:torch":57,"minecraft:wooden_axe":1,"born_in_chaos_v1:fused_bone":1,"minecraft:iron_leggings":1,"gravestone:obituary":33,"minecraft:wooden_sword":1,"minecraft:iron_axe":2,"born_in_chaos_v1:staffof_magic_arrows":2,"minecraft:iron_pickaxe":1,"minecraft:fermented_spider_eye":2,"minecraft:white_wool":2,"minecraft:bone":2,"minecraft:polished_diorite":6,"minecraft:furnace":2,"minecraft:stone_axe":2,"minecraft:cobblestone_wall":1,"minecraft:stone_sword":3,"minecraft:raw_copper":1,"born_in_chaos_v1:ethereal_spirit":1,"minecraft:raw_iron":20,"minecraft:deepslate_brick_slab":3,"minecraft:oak_planks":19,"minecraft:oak_sign":3,"minecraft:poppy":1,"biomesoplenty:fir_planks":64,"minecraft:iron_chestplate":1,"minecraft:charcoal":9,"minecraft:melon_seeds":2,"born_in_chaos_v1:corpse_maggot":2,"minecraft:arrow":2,"minecraft:wooden_pickaxe":2,"minecraft:stone_pickaxe":1,"minecraft:calcite":6,"minecraft:vex_armor_trim_smithing_template":1,"arphex:fly_appendage":4}},"DataVersion":3465}