{"stats":{"minecraft:dropped":{"minecraft:iron_ingot":1,"minecraft:wheat_seeds":9,"minecraft:dark_oak_sapling":2,"biomesoplenty:lavender":3,"minecraft:feather":2,"minecraft:cobblestone":128,"man:cassette_1safetyinstructions":2,"minecraft:copper_ingot":2,"biomesoplenty:jacaranda_log":1,"minecraft:music_disc_13":2,"minecraft:emerald":4,"minecraft:dirt":10,"born_in_chaos_v1:gnawed_bones":1,"minecraft:torch":57,"minecraft:wooden_axe":1,"born_in_chaos_v1:fused_bone":1,"minecraft:iron_leggings":1,"gravestone:obituary":28,"minecraft:wooden_sword":1,"minecraft:iron_axe":2,"born_in_chaos_v1:staffof_magic_arrows":2,"minecraft:iron_pickaxe":1,"minecraft:white_wool":2,"minecraft:bone":2,"minecraft:stone_axe":1,"minecraft:stone_sword":2,"minecraft:raw_copper":1,"born_in_chaos_v1:ethereal_spirit":1,"minecraft:oak_planks":19,"minecraft:poppy":1,"biomesoplenty:fir_planks":64,"minecraft:iron_chestplate":1,"minecraft:charcoal":9,"born_in_chaos_v1:corpse_maggot":2,"minecraft:stone_pickaxe":1,"minecraft:wooden_pickaxe":2,"minecraft:vex_armor_trim_smithing_template":1,"arphex:fly_appendage":4},"minecraft:used":{"minecraft:stone_sword":327,"born_in_chaos_v1:ethereal_spirit":2,"minecraft:stone_shovel":88,"minecraft:chest":1,"minecraft:shield":6,"minecraft:rotten_flesh":17,"minecraft:torch":28,"minecraft:dirt":1,"minecraft:granite":11,"born_in_chaos_v1:corpse_maggot":32,"minecraft:wooden_axe":23,"undead_revamp2:huntereye":2,"minecraft:bow":1,"minecraft:furnace":6,"minecraft:cooked_beef":3,"minecraft:potato":2,"minecraft:cobbled_deepslate":6,"minecraft:cooked_mutton":2,"minecraft:diorite":2,"minecraft:cobblestone_stairs":75,"arphex:burning_glands":1,"biomesoplenty:fir_pressure_plate":2,"minecraft:stone_pickaxe":511,"minecraft:oak_planks":1,"minecraft:wooden_pickaxe":34,"biomesoplenty:fir_planks":5,"minecraft:salmon":1,"minecraft:glow_berries":3,"minecraft:crafting_table":18,"minecraft:bread":3,"minecraft:stone_axe":77,"minecraft:wooden_sword":133,"born_in_chaos_v1:rotten_fish":1,"minecraft:cobblestone":110,"biomesoplenty:fir_door":1,"minecraft:porkchop":1,"minecraft:cooked_porkchop":11,"minecraft:andesite":4},"minecraft:custom":{"minecraft:mob_kills":102,"minecraft:interact_with_crafting_table":35,"minecraft:open_barrel":1,"minecraft:damage_dealt_resisted":1018,"minecraft:leave_game":1,"minecraft:time_since_death":6689,"minecraft:climb_one_cm":4915,"minecraft:sprint_one_cm":724267,"minecraft:walk_one_cm":520182,"minecraft:damage_blocked_by_shield":310,"minecraft:drop":97,"minecraft:play_time":206748,"minecraft:deaths":38,"minecraft:walk_under_water_one_cm":8263,"minecraft:sneak_time":7231,"minecraft:jump":3349,"minecraft:walk_on_water_one_cm":5016,"minecraft:total_world_time":206748,"minecraft:interact_with_furnace":31,"minecraft:sleep_in_bed":2,"minecraft:time_since_rest":6717,"minecraft:damage_taken":11811,"minecraft:damage_dealt":15594,"minecraft:swim_one_cm":25120,"minecraft:fly_one_cm":623724,"minecraft:player_kills":4,"minecraft:open_chest":32,"minecraft:crouch_one_cm":17779,"minecraft:fall_one_cm":104310},"minecraft:mined":{"minecraft:dark_oak_planks":7,"minecraft:red_carpet":1,"minecraft:dark_oak_leaves":7,"minecraft:cobblestone_stairs":1,"minecraft:dark_oak_log":31,"minecraft:sea_lantern":2,"minecraft:cave_vines_plant":7,"minecraft:granite":15,"minecraft:carved_pumpkin":1,"gravestone:gravestone":38,"minecraft:grass_block":5,"minecraft:spruce_fence":1,"minecraft:moss_block":56,"biomesoplenty:jacaranda_log":18,"minecraft:furnace":6,"minecraft:iron_ore":10,"biomesoplenty:lavender":3,"minecraft:andesite":14,"minecraft:moss_carpet":2,"minecraft:cave_vines":2,"minecraft:oak_stairs":2,"minecraft:stone":310,"minecraft:glass_pane":9,"minecraft:crafting_table":6,"minecraft:torch":1,"biomesoplenty:fir_planks":6,"minecraft:poppy":1,"minecraft:mushroom_stem":1,"minecraft:cobblestone":11,"minecraft:tall_grass":5,"biomesoplenty:sprout":1,"minecraft:oak_planks":1,"minecraft:diorite":92,"minecraft:wall_torch":1,"minecraft:big_dripleaf":1,"minecraft:spruce_log":3,"biomesoplenty:fir_log":19,"minecraft:grass":39,"minecraft:oak_log":6,"minecraft:coal_ore":52,"biomesoplenty:fir_leaves":1,"minecraft:gravel":4,"minecraft:dirt":50,"biomesoplenty:fir_pressure_plate":1,"biomesoplenty:fir_sapling":1,"minecraft:spruce_fence_gate":1,"minecraft:deepslate":3,"minecraft:fern":20},"minecraft:picked_up":{"minecraft:crafting_table":6,"minecraft:wooden_pickaxe":1,"minecraft:oak_stairs":2,"gravestone:obituary":5,"minecraft:string":2,"minecraft:raw_copper":1,"minecraft:cobbled_deepslate":6,"biomesoplenty:fir_planks":21,"minecraft:beef":3,"born_in_chaos_v1:gnawed_bones":1,"minecraft:poppy":1,"minecraft:furnace":6,"minecraft:raw_iron":10,"minecraft:dark_oak_sapling":2,"minecraft:stick":7,"minecraft:big_dripleaf":1,"minecraft:copper_ingot":2,"minecraft:torch":30,"minecraft:spruce_fence":1,"minecraft:porkchop":11,"minecraft:diorite":78,"minecraft:prismarine_crystals":3,"minecraft:dark_oak_planks":16,"minecraft:stone_sword":2,"minecraft:arrow":3,"minecraft:rotten_flesh":36,"biomesoplenty:jacaranda_log":25,"minecraft:glow_berries":1,"minecraft:mutton":2,"minecraft:white_wool":1,"minecraft:cobblestone":530,"born_in_chaos_v1:fused_bone":1,"biomesoplenty:lavender":3,"born_in_chaos_v1:staffof_magic_arrows":4,"born_in_chaos_v1:corpse_maggot":40,"born_in_chaos_v1:spiritual_dust":3,"minecraft:andesite":14,"minecraft:salmon":1,"minecraft:leather":2,"minecraft:potato":1,"biomesoplenty:fir_log":19,"minecraft:oak_log":8,"undead_revamp2:huntereye":1,"minecraft:cobblestone_stairs":2,"biomesoplenty:fir_pressure_plate":1,"minecraft:dirt":54,"born_in_chaos_v1:monster_skin":2,"minecraft:bone":5,"minecraft:bow":1,"minecraft:wheat_seeds":9,"arphex:burning_glands":1,"minecraft:stone_pickaxe":1,"minecraft:moss_block":10,"biomesoplenty:toadstool":1,"minecraft:cooked_porkchop":1,"minecraft:music_disc_13":1,"born_in_chaos_v1:ethereal_spirit":5,"minecraft:gravel":4,"minecraft:spruce_log":3,"minecraft:dark_oak_log":34,"minecraft:spider_eye":2,"arphex:fly_appendage":4,"minecraft:spruce_fence_gate":1,"minecraft:stone_axe":1,"minecraft:granite":12,"minecraft:bread":1,"born_in_chaos_v1:rotten_fish":1,"minecraft:coal":52},"minecraft:broken":{"minecraft:stone_sword":2,"minecraft:stone_pickaxe":3},"minecraft:crafted":{"minecraft:wooden_sword":4,"minecraft:oak_planks":24,"minecraft:stone_shovel":1,"minecraft:furnace":3,"minecraft:cobblestone_stairs":76,"minecraft:cooked_mutton":2,"minecraft:stone_pickaxe":7,"minecraft:chest":1,"minecraft:dark_oak_planks":128,"minecraft:cooked_beef":3,"biomesoplenty:jacaranda_planks":96,"minecraft:cooked_porkchop":10,"minecraft:crafting_table":14,"minecraft:spruce_planks":12,"minecraft:wooden_pickaxe":2,"minecraft:stone_axe":5,"minecraft:air":0,"biomesoplenty:fir_planks":80,"minecraft:iron_chestplate":1,"minecraft:stick":108,"biomesoplenty:fir_pressure_plate":2,"minecraft:iron_ingot":10,"minecraft:wooden_axe":2,"minecraft:stone_sword":5,"minecraft:torch":92},"minecraft:killed":{"undead_revamp2:thehunter":1,"born_in_chaos_v1:restless_spirit":1,"born_in_chaos_v1:zombie_lumberjack":1,"minecraft:vindicator":2,"minecraft:spider":6,"undead_revamp2:thesmoker":1,"born_in_chaos_v1:maggot":4,"born_in_chaos_v1:scarlet_persecutor":3,"minecraft:skeleton":5,"arphex:hornet_harbinger":1,"arphex:blood_worm":1,"arphex:long_legs_fly":2,"born_in_chaos_v1:corpse_fish":1,"arphex:ant_arsonist":1,"undead_revamp2:sucker":4,"born_in_chaos_v1:bonescaller":1,"minecraft:pig":5,"minecraft:salmon":1,"undead_revamp2:the_moonflower":3,"born_in_chaos_v1:decrepit_skeleton":2,"minecraft:sheep":1,"minecraft:zombie":4,"born_in_chaos_v1:dread_hound":1,"born_in_chaos_v1:corpse_fly":37,"endofherobrine:sheep":8,"minecraft:cow":1},"minecraft:killed_by":{"undead_revamp2:sucker":1,"minecraft:player":3,"born_in_chaos_v1:baby_skeleton_minion":1,"undead_revamp2:the_moonflower":4,"born_in_chaos_v1:nightmare_stalker":2,"minecraft:creeper":1,"born_in_chaos_v1:zombie_lumberjack":1,"born_in_chaos_v1:zombie_bruiser":1,"arphex:hornet_harbinger":1,"born_in_chaos_v1:corpse_fly":4,"born_in_chaos_v1:siamese_skeletonsleft":1,"undead_revamp2:thehorrors":1,"minecraft:vindicator":4,"born_in_chaos_v1:decrepit_skeleton":1,"undead_revamp2:therod":1,"born_in_chaos_v1:scarlet_persecutor":5,"cave_dweller:cave_dweller":1,"minecraft:vex":1,"undead_revamp2:thegliter":2}},"DataVersion":3465}