{"stats":{"minecraft:custom":{"minecraft:mob_kills":19,"minecraft:interact_with_crafting_table":9,"minecraft:damage_dealt_resisted":52,"minecraft:time_since_death":4860,"minecraft:time_since_rest":4893,"minecraft:sprint_one_cm":158203,"minecraft:damage_taken":3760,"minecraft:walk_one_cm":98491,"minecraft:drop":25,"minecraft:damage_dealt":3316,"minecraft:fly_one_cm":138791,"minecraft:open_chest":2,"minecraft:crouch_one_cm":112,"minecraft:play_time":39096,"minecraft:deaths":14,"minecraft:sneak_time":35,"minecraft:jump":767,"minecraft:total_world_time":39096,"minecraft:fall_one_cm":11819},"minecraft:picked_up":{"born_in_chaos_v1:fused_bone":1,"born_in_chaos_v1:corpse_maggot":4,"born_in_chaos_v1:staffof_magic_arrows":4,"minecraft:crafting_table":1,"born_in_chaos_v1:spiritual_dust":3,"minecraft:potato":1,"biomesoplenty:fir_log":15,"minecraft:oak_log":2,"gravestone:obituary":1,"minecraft:dirt":1,"born_in_chaos_v1:monster_skin":2,"minecraft:bone":2,"minecraft:wheat_seeds":3,"biomesoplenty:fir_planks":18,"minecraft:stone_pickaxe":1,"born_in_chaos_v1:gnawed_bones":1,"minecraft:copper_ingot":2,"minecraft:torch":3,"born_in_chaos_v1:ethereal_spirit":5,"minecraft:stone_sword":1,"minecraft:rotten_flesh":13,"minecraft:stone_axe":1,"minecraft:coal":25,"minecraft:cobblestone":134},"minecraft:mined":{"minecraft:crafting_table":1,"gravestone:gravestone":14,"minecraft:grass_block":1,"biomesoplenty:fir_planks":2,"minecraft:cobblestone":2,"biomesoplenty:sprout":1,"minecraft:wall_torch":1,"biomesoplenty:fir_log":15,"minecraft:grass":10,"minecraft:coal_ore":25,"biomesoplenty:fir_leaves":1,"minecraft:dirt":1,"minecraft:stone":40,"minecraft:fern":15},"minecraft:crafted":{"minecraft:wooden_sword":1,"minecraft:crafting_table":4,"minecraft:wooden_pickaxe":1,"minecraft:stone_axe":2,"biomesoplenty:fir_planks":60,"minecraft:stick":76,"minecraft:stone_pickaxe":2,"minecraft:wooden_axe":1,"minecraft:stone_sword":1,"minecraft:torch":20},"minecraft:dropped":{"minecraft:wheat_seeds":6,"born_in_chaos_v1:ethereal_spirit":1,"man:cassette_1safetyinstructions":2,"minecraft:copper_ingot":2,"born_in_chaos_v1:gnawed_bones":1,"minecraft:torch":5,"born_in_chaos_v1:corpse_maggot":2,"born_in_chaos_v1:fused_bone":1,"gravestone:obituary":10,"born_in_chaos_v1:staffof_magic_arrows":2},"minecraft:killed":{"born_in_chaos_v1:bonescaller":1,"born_in_chaos_v1:zombie_lumberjack":1,"undead_revamp2:the_moonflower":2,"born_in_chaos_v1:scarlet_persecutor":3,"born_in_chaos_v1:maggot":1,"minecraft:zombie":2,"born_in_chaos_v1:dread_hound":1,"born_in_chaos_v1:corpse_fly":3,"undead_revamp2:sucker":3},"minecraft:used":{"minecraft:stone_sword":62,"born_in_chaos_v1:ethereal_spirit":2,"minecraft:stone_pickaxe":55,"minecraft:wooden_pickaxe":14,"biomesoplenty:fir_planks":2,"minecraft:rotten_flesh":2,"minecraft:torch":1,"minecraft:crafting_table":5,"minecraft:wooden_axe":1,"undead_revamp2:huntereye":1,"minecraft:stone_axe":15,"minecraft:wooden_sword":47,"minecraft:cobblestone":9,"biomesoplenty:fir_door":1,"minecraft:potato":2},"minecraft:killed_by":{"undead_revamp2:sucker":1,"born_in_chaos_v1:baby_skeleton_minion":1,"undead_revamp2:the_moonflower":2,"minecraft:creeper":1,"born_in_chaos_v1:zombie_lumberjack":1,"born_in_chaos_v1:zombie_bruiser":1,"born_in_chaos_v1:scarlet_persecutor":5,"born_in_chaos_v1:corpse_fly":1,"undead_revamp2:thehorrors":1}},"DataVersion":3465}