{"stats":{"minecraft:custom":{"minecraft:interact_with_furnace":4,"minecraft:mob_kills":17,"minecraft:interact_with_crafting_table":5,"minecraft:damage_dealt_resisted":8,"minecraft:leave_game":1,"minecraft:time_since_death":5195,"minecraft:sleep_in_bed":1,"minecraft:climb_one_cm":6438,"minecraft:time_since_rest":5231,"minecraft:sprint_one_cm":114321,"minecraft:damage_taken":2411,"minecraft:walk_one_cm":59332,"minecraft:drop":6,"minecraft:damage_dealt":2799,"minecraft:swim_one_cm":17582,"minecraft:fly_one_cm":177655,"minecraft:crouch_one_cm":4278,"minecraft:play_time":41149,"minecraft:deaths":8,"minecraft:sneak_time":1646,"minecraft:walk_under_water_one_cm":3292,"minecraft:interact_with_lectern":2,"minecraft:jump":1150,"minecraft:walk_on_water_one_cm":2705,"minecraft:total_world_time":41149,"minecraft:fall_one_cm":36223},"minecraft:killed_by":{"man:managgresive":1,"undead_revamp2:therod":1,"born_in_chaos_v1:zombie_lumberjack":1,"arphex:hornet_harbinger":1,"undead_revamp2:thespitter":1},"minecraft:crafted":{"minecraft:wooden_sword":1,"minecraft:oak_planks":44,"minecraft:crafting_table":2,"minecraft:wooden_pickaxe":1,"minecraft:furnace":1,"minecraft:stone_axe":1,"minecraft:cooked_mutton":4,"minecraft:air":0,"minecraft:jungle_planks":20,"minecraft:stick":12,"minecraft:stone_pickaxe":1,"minecraft:wooden_axe":1,"minecraft:stone_sword":1,"minecraft:white_bed":1},"minecraft:dropped":{"minecraft:wheat_seeds":1,"minecraft:rotten_flesh":8,"minecraft:oak_sapling":10,"gravestone:obituary":2},"minecraft:used":{"biomesoplenty:black_sand":3,"minecraft:azalea":1,"minecraft:cooked_mutton":3,"minecraft:moss_carpet":1,"minecraft:writable_book":2,"minecraft:stone_sword":50,"minecraft:stone_pickaxe":24,"minecraft:oak_planks":22,"minecraft:oak_sign":3,"minecraft:wooden_pickaxe":9,"minecraft:spruce_sign":2,"minecraft:dirt":1,"minecraft:crafting_table":3,"minecraft:white_bed":1,"minecraft:wooden_axe":3,"minecraft:melon_slice":22,"minecraft:stone_axe":37,"minecraft:wooden_sword":28,"minecraft:cobblestone":16,"minecraft:furnace":1,"minecraft:oak_sapling":1},"minecraft:killed":{"minecraft:pig":1,"born_in_chaos_v1:baby_skeleton":1,"born_in_chaos_v1:zombie_bruiser":1,"born_in_chaos_v1:decrepit_skeleton":1,"minecraft:sheep":3,"minecraft:chicken":1,"minecraft:drowned":1,"undead_revamp2:thespitter":1,"minecraft:cow":7},"minecraft:mined":{"minecraft:spruce_planks":2,"biomesoplenty:black_sand":3,"minecraft:crafting_table":2,"gravestone:gravestone":9,"minecraft:grass_block":1,"minecraft:melon":9,"biomesoplenty:mahogany_planks":1,"minecraft:jungle_log":5,"minecraft:spruce_wall_sign":2,"minecraft:tall_grass":1,"minecraft:cobblestone":9,"minecraft:oak_planks":12,"minecraft:oak_wall_sign":3,"minecraft:grass":6,"minecraft:oak_log":4,"minecraft:cocoa":1,"minecraft:gray_carpet":3,"minecraft:stripped_oak_log":1,"minecraft:azalea":1,"minecraft:stone":23,"minecraft:oak_leaves":6,"minecraft:fern":2},"minecraft:picked_up":{"minecraft:stripped_oak_log":1,"minecraft:cocoa_beans":5,"minecraft:crafting_table":2,"minecraft:feather":2,"minecraft:chicken":1,"minecraft:jungle_log":5,"minecraft:leather":9,"minecraft:oak_log":10,"minecraft:dirt":1,"minecraft:moss_carpet":1,"minecraft:bone":2,"minecraft:oak_sign":3,"minecraft:gray_carpet":3,"minecraft:wheat_seeds":1,"biomesoplenty:black_sand":3,"minecraft:spruce_planks":1,"minecraft:iron_ingot":1,"minecraft:beef":12,"minecraft:azalea":1,"minecraft:jungle_sapling":1,"minecraft:melon_slice":42,"biomesoplenty:mahogany_planks":1,"minecraft:oak_planks":7,"minecraft:porkchop":2,"minecraft:rotten_flesh":8,"minecraft:spruce_sign":2,"minecraft:oak_sapling":11,"minecraft:mutton":4,"minecraft:white_wool":3,"minecraft:cobblestone":32}},"DataVersion":3465}