{"stats":{"minecraft:custom":{"minecraft:interact_with_furnace":8,"minecraft:mob_kills":32,"minecraft:interact_with_crafting_table":11,"minecraft:damage_dealt_resisted":128,"minecraft:time_since_death":16860,"minecraft:time_since_rest":16893,"minecraft:sprint_one_cm":203094,"minecraft:damage_taken":3960,"minecraft:walk_one_cm":131397,"minecraft:drop":33,"minecraft:damage_dealt":4584,"minecraft:fly_one_cm":175453,"minecraft:open_chest":2,"minecraft:crouch_one_cm":168,"minecraft:play_time":51096,"minecraft:deaths":14,"minecraft:sneak_time":58,"minecraft:jump":984,"minecraft:total_world_time":51096,"minecraft:fall_one_cm":17874},"minecraft:picked_up":{"born_in_chaos_v1:fused_bone":1,"born_in_chaos_v1:corpse_maggot":6,"born_in_chaos_v1:staffof_magic_arrows":4,"minecraft:crafting_table":2,"born_in_chaos_v1:spiritual_dust":3,"minecraft:leather":2,"minecraft:potato":1,"biomesoplenty:fir_log":15,"undead_revamp2:huntereye":1,"minecraft:oak_log":2,"gravestone:obituary":1,"minecraft:dirt":1,"born_in_chaos_v1:monster_skin":2,"minecraft:bone":2,"minecraft:wheat_seeds":3,"biomesoplenty:fir_planks":21,"minecraft:beef":3,"minecraft:stone_pickaxe":1,"born_in_chaos_v1:gnawed_bones":1,"minecraft:furnace":1,"minecraft:copper_ingot":2,"minecraft:torch":3,"born_in_chaos_v1:ethereal_spirit":5,"minecraft:stone_sword":1,"minecraft:rotten_flesh":13,"minecraft:stone_axe":1,"minecraft:mutton":2,"minecraft:coal":33,"minecraft:white_wool":1,"minecraft:cobblestone":139},"minecraft:mined":{"minecraft:crafting_table":2,"gravestone:gravestone":14,"minecraft:grass_block":1,"biomesoplenty:fir_planks":6,"minecraft:cobblestone":4,"biomesoplenty:sprout":1,"minecraft:wall_torch":1,"minecraft:furnace":1,"biomesoplenty:fir_log":15,"minecraft:grass":11,"minecraft:coal_ore":33,"biomesoplenty:fir_leaves":1,"minecraft:dirt":3,"minecraft:stone":43,"minecraft:fern":17},"minecraft:crafted":{"minecraft:cooked_beef":1,"minecraft:wooden_sword":1,"minecraft:crafting_table":5,"minecraft:wooden_pickaxe":1,"minecraft:furnace":1,"minecraft:stone_axe":2,"minecraft:air":0,"minecraft:cooked_mutton":2,"biomesoplenty:fir_planks":60,"minecraft:stick":76,"minecraft:stone_pickaxe":2,"minecraft:wooden_axe":1,"minecraft:stone_sword":1,"minecraft:torch":20},"minecraft:dropped":{"minecraft:wheat_seeds":6,"born_in_chaos_v1:ethereal_spirit":1,"man:cassette_1safetyinstructions":2,"minecraft:copper_ingot":2,"born_in_chaos_v1:gnawed_bones":1,"biomesoplenty:fir_planks":64,"minecraft:torch":5,"born_in_chaos_v1:corpse_maggot":2,"born_in_chaos_v1:fused_bone":1,"gravestone:obituary":10,"born_in_chaos_v1:staffof_magic_arrows":2},"minecraft:killed":{"born_in_chaos_v1:bonescaller":1,"born_in_chaos_v1:zombie_lumberjack":1,"undead_revamp2:the_moonflower":2,"born_in_chaos_v1:scarlet_persecutor":3,"born_in_chaos_v1:maggot":3,"minecraft:sheep":1,"minecraft:skeleton":1,"minecraft:zombie":3,"born_in_chaos_v1:dread_hound":1,"born_in_chaos_v1:corpse_fly":3,"endofherobrine:sheep":5,"undead_revamp2:sucker":4,"minecraft:cow":1},"minecraft:used":{"minecraft:cooked_mutton":2,"minecraft:stone_sword":97,"born_in_chaos_v1:ethereal_spirit":2,"minecraft:stone_pickaxe":71,"minecraft:wooden_pickaxe":14,"biomesoplenty:fir_planks":5,"minecraft:rotten_flesh":2,"minecraft:torch":2,"minecraft:crafting_table":6,"minecraft:wooden_axe":1,"undead_revamp2:huntereye":2,"minecraft:stone_axe":20,"minecraft:wooden_sword":47,"minecraft:cobblestone":13,"biomesoplenty:fir_door":1,"minecraft:furnace":2,"minecraft:cooked_beef":1,"minecraft:potato":2},"minecraft:killed_by":{"undead_revamp2:sucker":1,"born_in_chaos_v1:baby_skeleton_minion":1,"undead_revamp2:the_moonflower":2,"minecraft:creeper":1,"born_in_chaos_v1:zombie_lumberjack":1,"born_in_chaos_v1:zombie_bruiser":1,"born_in_chaos_v1:scarlet_persecutor":5,"born_in_chaos_v1:corpse_fly":1,"undead_revamp2:thehorrors":1}},"DataVersion":3465}