{"stats":{"minecraft:custom":{"minecraft:mob_kills":68,"minecraft:interact_with_crafting_table":20,"minecraft:damage_dealt_resisted":307,"minecraft:time_since_death":2787,"minecraft:sprint_one_cm":433565,"minecraft:walk_one_cm":323988,"minecraft:damage_blocked_by_shield":75,"minecraft:drop":52,"minecraft:play_time":123096,"minecraft:deaths":28,"minecraft:sneak_time":1834,"minecraft:jump":2168,"minecraft:total_world_time":123096,"minecraft:interact_with_furnace":14,"minecraft:time_since_rest":2817,"minecraft:damage_taken":8420,"minecraft:damage_dealt":9935,"minecraft:fly_one_cm":394809,"minecraft:player_kills":3,"minecraft:open_chest":24,"minecraft:crouch_one_cm":6579,"minecraft:fall_one_cm":75865},"minecraft:picked_up":{"minecraft:crafting_table":4,"minecraft:wooden_pickaxe":1,"gravestone:obituary":4,"minecraft:string":2,"minecraft:raw_copper":1,"minecraft:cobbled_deepslate":6,"biomesoplenty:fir_planks":21,"minecraft:beef":3,"born_in_chaos_v1:gnawed_bones":1,"minecraft:furnace":3,"minecraft:dark_oak_sapling":2,"minecraft:stick":6,"minecraft:copper_ingot":2,"minecraft:torch":5,"minecraft:spruce_fence":1,"minecraft:porkchop":8,"minecraft:dark_oak_planks":8,"minecraft:stone_sword":2,"minecraft:arrow":1,"minecraft:rotten_flesh":27,"minecraft:glow_berries":1,"minecraft:mutton":2,"minecraft:white_wool":1,"minecraft:cobblestone":161,"born_in_chaos_v1:fused_bone":1,"born_in_chaos_v1:staffof_magic_arrows":4,"born_in_chaos_v1:corpse_maggot":18,"born_in_chaos_v1:spiritual_dust":3,"minecraft:leather":2,"minecraft:potato":1,"biomesoplenty:fir_log":17,"minecraft:oak_log":8,"undead_revamp2:huntereye":1,"minecraft:cobblestone_stairs":1,"minecraft:dirt":5,"born_in_chaos_v1:monster_skin":2,"minecraft:bone":3,"minecraft:bow":1,"minecraft:wheat_seeds":5,"minecraft:stone_pickaxe":1,"arphex:burning_glands":1,"biomesoplenty:toadstool":1,"minecraft:cooked_porkchop":1,"born_in_chaos_v1:ethereal_spirit":5,"minecraft:dark_oak_log":34,"minecraft:spider_eye":2,"arphex:fly_appendage":1,"minecraft:spruce_fence_gate":1,"minecraft:stone_axe":1,"minecraft:coal":33},"minecraft:mined":{"minecraft:dark_oak_leaves":7,"minecraft:dark_oak_log":31,"gravestone:gravestone":26,"minecraft:grass_block":2,"minecraft:spruce_fence":1,"minecraft:furnace":3,"minecraft:stone":64,"minecraft:crafting_table":4,"minecraft:torch":1,"biomesoplenty:fir_planks":6,"minecraft:mushroom_stem":1,"minecraft:cobblestone":4,"minecraft:tall_grass":3,"biomesoplenty:sprout":1,"minecraft:wall_torch":1,"biomesoplenty:fir_log":17,"minecraft:grass":22,"minecraft:coal_ore":33,"minecraft:oak_log":6,"biomesoplenty:fir_leaves":1,"minecraft:dirt":5,"biomesoplenty:fir_sapling":1,"minecraft:spruce_fence_gate":1,"minecraft:fern":19,"minecraft:deepslate":3},"minecraft:crafted":{"minecraft:wooden_sword":3,"minecraft:oak_planks":24,"minecraft:furnace":2,"minecraft:cooked_mutton":2,"minecraft:stone_pickaxe":3,"minecraft:dark_oak_planks":128,"minecraft:cooked_beef":3,"minecraft:cooked_porkchop":3,"minecraft:crafting_table":10,"minecraft:wooden_pickaxe":2,"minecraft:stone_axe":3,"minecraft:air":0,"biomesoplenty:fir_planks":68,"minecraft:stick":96,"minecraft:wooden_axe":2,"minecraft:stone_sword":3,"minecraft:torch":20},"minecraft:dropped":{"minecraft:wheat_seeds":6,"minecraft:dark_oak_sapling":2,"man:cassette_1safetyinstructions":2,"minecraft:copper_ingot":2,"minecraft:dirt":9,"born_in_chaos_v1:gnawed_bones":1,"minecraft:torch":5,"minecraft:wooden_axe":1,"born_in_chaos_v1:fused_bone":1,"gravestone:obituary":17,"minecraft:wooden_sword":1,"born_in_chaos_v1:staffof_magic_arrows":2,"minecraft:stone_sword":1,"minecraft:raw_copper":1,"born_in_chaos_v1:ethereal_spirit":1,"biomesoplenty:fir_planks":64,"born_in_chaos_v1:corpse_maggot":2,"minecraft:wooden_pickaxe":2,"arphex:fly_appendage":1},"minecraft:killed":{"undead_revamp2:thehunter":1,"born_in_chaos_v1:zombie_lumberjack":1,"born_in_chaos_v1:restless_spirit":1,"minecraft:spider":5,"born_in_chaos_v1:maggot":4,"born_in_chaos_v1:scarlet_persecutor":3,"minecraft:skeleton":2,"arphex:blood_worm":1,"arphex:long_legs_fly":1,"arphex:ant_arsonist":1,"undead_revamp2:sucker":4,"born_in_chaos_v1:bonescaller":1,"minecraft:pig":4,"undead_revamp2:the_moonflower":2,"born_in_chaos_v1:decrepit_skeleton":2,"minecraft:sheep":1,"minecraft:zombie":3,"born_in_chaos_v1:dread_hound":1,"born_in_chaos_v1:corpse_fly":17,"endofherobrine:sheep":8,"minecraft:cow":1},"minecraft:used":{"minecraft:stone_sword":175,"born_in_chaos_v1:ethereal_spirit":2,"minecraft:shield":1,"minecraft:rotten_flesh":6,"minecraft:torch":6,"minecraft:dirt":1,"born_in_chaos_v1:corpse_maggot":15,"minecraft:wooden_axe":23,"undead_revamp2:huntereye":2,"minecraft:bow":1,"minecraft:furnace":3,"minecraft:cooked_beef":3,"minecraft:potato":2,"minecraft:cobbled_deepslate":6,"minecraft:cooked_mutton":2,"arphex:burning_glands":1,"minecraft:stone_pickaxe":77,"minecraft:oak_planks":1,"minecraft:wooden_pickaxe":34,"biomesoplenty:fir_planks":5,"minecraft:glow_berries":3,"minecraft:crafting_table":12,"minecraft:stone_axe":34,"minecraft:wooden_sword":120,"minecraft:cobblestone":18,"biomesoplenty:fir_door":1,"minecraft:cooked_porkchop":4,"minecraft:porkchop":1},"minecraft:broken":{"minecraft:stone_sword":1},"minecraft:killed_by":{"undead_revamp2:sucker":1,"minecraft:player":3,"born_in_chaos_v1:baby_skeleton_minion":1,"undead_revamp2:the_moonflower":2,"born_in_chaos_v1:nightmare_stalker":1,"minecraft:creeper":1,"born_in_chaos_v1:zombie_lumberjack":1,"born_in_chaos_v1:zombie_bruiser":1,"arphex:hornet_harbinger":1,"born_in_chaos_v1:corpse_fly":4,"undead_revamp2:thehorrors":1,"minecraft:vindicator":2,"born_in_chaos_v1:decrepit_skeleton":1,"born_in_chaos_v1:scarlet_persecutor":5,"undead_revamp2:thegliter":2}},"DataVersion":3465}