{"stats":{"minecraft:killed":{"minecraft:cave_spider":1,"arphex:spider_flat":1,"born_in_chaos_v1:restless_spirit":1,"born_in_chaos_v1:zombie_lumberjack":1,"minecraft:spider":7,"undead_revamp2:thesmoker":1,"born_in_chaos_v1:scarlet_persecutor":3,"minecraft:skeleton":9,"arphex:ant_arsonist":1,"minecraft:tropical_fish":7,"undead_revamp2:thespitter":1,"minecraft:pig":5,"born_in_chaos_v1:bonescaller":1,"born_in_chaos_v1:diamond_termite":2,"minecraft:salmon":1,"minecraft:iron_golem":1,"minecraft:sheep":1,"minecraft:zombie":6,"born_in_chaos_v1:dread_hound":2,"born_in_chaos_v1:corpse_fly":42,"minecraft:cow":1,"minecraft:evoker":1,"minecraft:vex":3,"undead_revamp2:thehunter":1,"minecraft:vindicator":2,"born_in_chaos_v1:maggot":4,"arphex:blood_worm":2,"arphex:hornet_harbinger":1,"arphex:long_legs_fly":2,"born_in_chaos_v1:corpse_fish":1,"undead_revamp2:sucker":4,"undead_revamp2:the_moonflower":4,"born_in_chaos_v1:decrepit_skeleton":3,"undead_revamp2:thesomnolence":2,"endofherobrine:sheep":8},"minecraft:picked_up":{"minecraft:oak_stairs":2,"minecraft:enchanted_book":2,"minecraft:string":3,"minecraft:raw_copper":2,"minecraft:oak_sign":3,"minecraft:cobbled_deepslate":35,"biomesoplenty:fir_planks":21,"minecraft:calcite":6,"minecraft:azalea":1,"minecraft:melon_slice":118,"minecraft:furnace":7,"minecraft:stick":7,"minecraft:big_dripleaf":1,"minecraft:torch":39,"minecraft:porkchop":11,"minecraft:diorite":89,"minecraft:stone_sword":3,"minecraft:rotten_flesh":48,"minecraft:tropical_fish":7,"minecraft:cobblestone":554,"biomesoplenty:lavender":3,"minecraft:birch_log":4,"born_in_chaos_v1:staffof_magic_arrows":4,"born_in_chaos_v1:spiritual_dust":3,"minecraft:andesite":14,"minecraft:potato":1,"biomesoplenty:fir_log":19,"undead_revamp2:huntereye":1,"deep_dark_regrowth:mossy_fluorite":5,"biomesoplenty:fir_pressure_plate":1,"minecraft:dirt":150,"born_in_chaos_v1:monster_skin":2,"minecraft:bone":10,"minecraft:bow":1,"minecraft:wheat_seeds":11,"minecraft:deepslate_brick_slab":3,"minecraft:moss_block":10,"biomesoplenty:toadstool":1,"minecraft:cooked_porkchop":1,"minecraft:music_disc_13":1,"minecraft:fermented_spider_eye":2,"minecraft:dark_oak_log":41,"minecraft:spruce_fence_gate":1,"minecraft:lever":1,"minecraft:granite":12,"minecraft:bread":1,"born_in_chaos_v1:rotten_fish":1,"minecraft:crafting_table":8,"born_in_chaos_v1:diamond_termite_shard":2,"minecraft:wooden_pickaxe":1,"gravestone:obituary":8,"minecraft:beef":3,"minecraft:echo_shard":3,"born_in_chaos_v1:gnawed_bones":2,"minecraft:poppy":1,"minecraft:birch_sapling":5,"minecraft:dark_oak_sapling":2,"minecraft:raw_iron":21,"minecraft:copper_ingot":3,"minecraft:spruce_fence":1,"born_in_chaos_v1:pieceofdarkmetal":1,"minecraft:carrot":13,"minecraft:prismarine_crystals":3,"minecraft:dark_oak_planks":19,"minecraft:arrow":9,"biomesoplenty:jacaranda_log":33,"minecraft:deepslate_bricks":1,"minecraft:totem_of_undying":1,"minecraft:mutton":2,"minecraft:glow_berries":10,"minecraft:white_wool":1,"minecraft:cracked_deepslate_tiles":6,"born_in_chaos_v1:fused_bone":1,"born_in_chaos_v1:corpse_maggot":51,"minecraft:salmon":1,"minecraft:leather":2,"minecraft:red_mushroom":1,"minecraft:oak_log":8,"minecraft:cobblestone_stairs":2,"biomesoplenty:jacaranda_planks":2,"minecraft:cobblestone_wall":1,"deep_dark_regrowth:cerebrawl":1,"minecraft:red_carpet":2,"minecraft:iron_ingot":4,"arphex:burning_glands":2,"minecraft:stone_pickaxe":1,"minecraft:flowering_azalea":1,"deep_dark_regrowth:mechanical_yaw":1,"minecraft:oak_slab":3,"born_in_chaos_v1:ethereal_spirit":6,"minecraft:gravel":9,"minecraft:spruce_log":7,"minecraft:spider_eye":2,"arphex:fly_appendage":4,"minecraft:stone_axe":1,"minecraft:polished_diorite":6,"minecraft:melon_seeds":2,"minecraft:coal":52},"minecraft:mined":{"minecraft:dark_oak_planks":10,"minecraft:cobblestone_stairs":2,"minecraft:carved_pumpkin":1,"deep_dark_regrowth:fluorescent_moss":1,"minecraft:cave_vines_plant":8,"minecraft:granite":15,"minecraft:grass_block":8,"minecraft:iron_ore":21,"biomesoplenty:lavender":3,"minecraft:moss_carpet":2,"minecraft:cave_vines":3,"minecraft:oak_stairs":2,"minecraft:melon_stem":1,"biomesoplenty:jacaranda_planks":1,"minecraft:torch":1,"minecraft:melon":14,"minecraft:poppy":1,"minecraft:mushroom_stem":1,"minecraft:cobblestone":18,"minecraft:oak_planks":1,"minecraft:wall_torch":1,"biomesoplenty:fir_log":19,"minecraft:grass":42,"minecraft:oak_log":6,"minecraft:dirt":54,"biomesoplenty:fir_sapling":1,"minecraft:red_mushroom_block":3,"minecraft:deepslate":8,"minecraft:red_carpet":3,"deep_dark_regrowth:sculk_soil":1,"minecraft:dark_oak_leaves":35,"minecraft:dark_oak_log":40,"minecraft:sea_lantern":2,"deep_dark_regrowth:large_ancient_vase_top":1,"gravestone:gravestone":49,"minecraft:spruce_fence":1,"minecraft:moss_block":56,"biomesoplenty:jacaranda_log":18,"minecraft:furnace":7,"minecraft:andesite":14,"minecraft:deepslate_iron_ore":6,"deep_dark_regrowth:mechanical_yaw_activated":2,"minecraft:stone":322,"minecraft:glass_pane":11,"minecraft:crafting_table":8,"deep_dark_regrowth:large_ancient_vase_top_west":1,"biomesoplenty:fir_planks":6,"minecraft:tall_grass":7,"biomesoplenty:sprout":1,"minecraft:sculk":8,"minecraft:diorite":116,"minecraft:big_dripleaf":1,"minecraft:cobblestone_wall":1,"minecraft:spruce_log":3,"minecraft:coal_ore":52,"biomesoplenty:fir_leaves":1,"minecraft:gravel":5,"biomesoplenty:fir_pressure_plate":1,"minecraft:spruce_fence_gate":1,"minecraft:fern":20},"minecraft:crafted":{"minecraft:oak_planks":24,"minecraft:cobblestone_stairs":88,"minecraft:cooked_mutton":2,"minecraft:iron_boots":1,"minecraft:chest":1,"minecraft:cooked_porkchop":10,"biomesoplenty:jacaranda_planks":128,"minecraft:crafting_table":15,"minecraft:spruce_planks":28,"minecraft:wooden_pickaxe":2,"minecraft:birch_planks":16,"biomesoplenty:fir_planks":80,"minecraft:iron_chestplate":1,"minecraft:stick":124,"biomesoplenty:fir_pressure_plate":2,"minecraft:iron_ingot":19,"minecraft:stone_sword":6,"minecraft:wooden_sword":4,"minecraft:stone_shovel":1,"minecraft:furnace":4,"minecraft:stone_pickaxe":8,"minecraft:dark_oak_planks":140,"minecraft:cooked_beef":3,"minecraft:stone_axe":6,"minecraft:air":0,"minecraft:wooden_axe":2,"minecraft:iron_leggings":1,"minecraft:torch":92},"minecraft:killed_by":{"undead_revamp2:sucker":1,"undead_revamp2:the_moonflower":5,"born_in_chaos_v1:nightmare_stalker":2,"minecraft:creeper":1,"born_in_chaos_v1:zombie_bruiser":1,"born_in_chaos_v1:corpse_fly":5,"minecraft:vindicator":4,"born_in_chaos_v1:scarlet_persecutor":5,"minecraft:vex":5,"undead_revamp2:thegliter":2,"minecraft:player":3,"born_in_chaos_v1:baby_skeleton_minion":1,"born_in_chaos_v1:zombie_lumberjack":1,"minecraft:iron_golem":2,"arphex:hornet_harbinger":1,"born_in_chaos_v1:siamese_skeletonsleft":1,"undead_revamp2:thehorrors":1,"minecraft:warden":1,"born_in_chaos_v1:decrepit_skeleton":1,"undead_revamp2:therod":1,"minecraft:skeleton":1,"cave_dweller:cave_dweller":1},"minecraft:broken":{"minecraft:stone_pickaxe":3,"minecraft:stone_sword":3},"minecraft:custom":{"minecraft:interact_with_crafting_table":48,"minecraft:open_barrel":1,"minecraft:leave_game":4,"minecraft:time_since_death":1303,"minecraft:sprint_one_cm":1366795,"minecraft:damage_blocked_by_shield":970,"minecraft:drop":169,"minecraft:talked_to_villager":4,"minecraft:play_time":360110,"minecraft:deaths":50,"minecraft:jump":6122,"minecraft:walk_on_water_one_cm":18923,"minecraft:interact_with_furnace":46,"minecraft:sleep_in_bed":2,"minecraft:damage_dealt":20635,"minecraft:player_kills":5,"minecraft:crouch_one_cm":37717,"minecraft:mob_kills":137,"minecraft:damage_dealt_resisted":1028,"minecraft:climb_one_cm":8860,"minecraft:walk_one_cm":949253,"minecraft:sneak_time":12479,"minecraft:walk_under_water_one_cm":15310,"minecraft:interact_with_lectern":3,"minecraft:total_world_time":360110,"minecraft:time_since_rest":1329,"minecraft:damage_taken":16703,"minecraft:damage_absorbed":80,"minecraft:swim_one_cm":45101,"minecraft:fly_one_cm":1253240,"minecraft:open_chest":45,"minecraft:fall_one_cm":170712},"minecraft:dropped":{"minecraft:dark_oak_sapling":2,"minecraft:red_mushroom":1,"minecraft:music_disc_13":2,"minecraft:cobblestone_stairs":2,"minecraft:emerald":4,"minecraft:dirt":74,"gravestone:obituary":39,"minecraft:wooden_sword":1,"minecraft:iron_pickaxe":1,"minecraft:fermented_spider_eye":2,"minecraft:white_wool":2,"minecraft:bone":2,"minecraft:stone_axe":3,"minecraft:lever":1,"minecraft:cobbled_deepslate":4,"born_in_chaos_v1:ethereal_spirit":1,"minecraft:deepslate_brick_slab":3,"minecraft:oak_planks":19,"minecraft:echo_shard":3,"minecraft:poppy":1,"minecraft:charcoal":9,"minecraft:melon_seeds":2,"born_in_chaos_v1:corpse_maggot":2,"minecraft:arrow":4,"deep_dark_regrowth:mossy_fluorite":5,"minecraft:iron_ingot":5,"minecraft:oak_slab":3,"minecraft:wheat_seeds":9,"biomesoplenty:lavender":3,"minecraft:feather":2,"minecraft:cobblestone":155,"minecraft:spectral_arrow":1,"man:cassette_1safetyinstructions":2,"minecraft:granite":1,"minecraft:copper_ingot":2,"biomesoplenty:jacaranda_planks":6,"biomesoplenty:jacaranda_log":1,"minecraft:stick":23,"born_in_chaos_v1:gnawed_bones":2,"minecraft:diorite":1,"minecraft:torch":60,"minecraft:wooden_axe":1,"minecraft:melon_slice":6,"born_in_chaos_v1:fused_bone":1,"minecraft:iron_leggings":1,"minecraft:flowering_azalea":1,"minecraft:iron_axe":2,"born_in_chaos_v1:staffof_magic_arrows":2,"minecraft:polished_diorite":6,"minecraft:furnace":2,"minecraft:stone_sword":4,"minecraft:cobblestone_wall":1,"minecraft:raw_copper":1,"minecraft:raw_iron":20,"minecraft:oak_sign":3,"biomesoplenty:fir_planks":64,"minecraft:iron_chestplate":1,"minecraft:stone_pickaxe":2,"minecraft:wooden_pickaxe":2,"minecraft:calcite":6,"minecraft:vex_armor_trim_smithing_template":1,"arphex:fly_appendage":4},"minecraft:used":{"minecraft:writable_book":1,"minecraft:chest":1,"minecraft:shield":19,"minecraft:rotten_flesh":23,"minecraft:carrot":12,"born_in_chaos_v1:corpse_maggot":48,"minecraft:red_carpet":2,"minecraft:bow":1,"minecraft:furnace":8,"minecraft:potato":2,"minecraft:diorite":78,"minecraft:stone_pickaxe":599,"minecraft:oak_planks":1,"minecraft:wooden_pickaxe":34,"biomesoplenty:fir_planks":5,"minecraft:glow_berries":16,"biomesoplenty:jacaranda_planks":57,"minecraft:dark_oak_log":4,"minecraft:melon_slice":96,"minecraft:bread":3,"minecraft:wooden_sword":133,"born_in_chaos_v1:rotten_fish":1,"minecraft:andesite":4,"minecraft:stone_sword":484,"born_in_chaos_v1:ethereal_spirit":2,"minecraft:tropical_fish":7,"minecraft:stone_shovel":90,"minecraft:torch":86,"minecraft:dirt":36,"minecraft:granite":11,"minecraft:wooden_axe":23,"minecraft:dark_oak_planks":15,"minecraft:totem_of_undying":1,"undead_revamp2:huntereye":2,"minecraft:cooked_beef":3,"minecraft:cobbled_deepslate":6,"minecraft:cooked_mutton":2,"arphex:burning_glands":2,"minecraft:cobblestone_stairs":87,"biomesoplenty:fir_pressure_plate":2,"minecraft:salmon":1,"minecraft:crafting_table":20,"minecraft:stone_axe":91,"minecraft:cobblestone":191,"biomesoplenty:fir_door":1,"minecraft:cooked_porkchop":11,"minecraft:porkchop":1}},"DataVersion":3465}