{"stats":{"minecraft:picked_up":{"biomesoplenty:fir_log":5},"minecraft:custom":{"minecraft:jump":70,"minecraft:time_since_rest":3096,"minecraft:crouch_one_cm":112,"minecraft:sprint_one_cm":8077,"minecraft:play_time":3096,"minecraft:damage_taken":230,"minecraft:time_since_death":3096,"minecraft:walk_one_cm":5359,"minecraft:sneak_time":33,"minecraft:total_world_time":3096,"minecraft:fall_one_cm":2155,"minecraft:fly_one_cm":14303},"minecraft:mined":{"minecraft:grass":2,"biomesoplenty:fir_log":5}},"DataVersion":3465}