{"stats":{"minecraft:custom":{"minecraft:time_since_rest":5126,"minecraft:crouch_one_cm":220,"minecraft:play_time":25955,"minecraft:sprint_one_cm":47609,"minecraft:deaths":1,"minecraft:damage_taken":272,"minecraft:walk_one_cm":38842,"minecraft:sneak_time":39,"minecraft:walk_under_water_one_cm":172,"minecraft:jump":233,"minecraft:damage_dealt":36,"minecraft:leave_game":6,"minecraft:walk_on_water_one_cm":1450,"minecraft:time_since_death":5275,"minecraft:sleep_in_bed":2,"minecraft:climb_one_cm":384,"minecraft:total_world_time":25955,"minecraft:fall_one_cm":5676,"minecraft:fly_one_cm":65584},"minecraft:picked_up":{"minecraft:azalea":1,"minecraft:flowering_azalea":1},"minecraft:killed_by":{"arphex:hornet_harbinger_giant":1},"minecraft:mined":{"minecraft:grass":1,"minecraft:flowering_azalea":1,"minecraft:tall_grass":1,"minecraft:azalea":1}},"DataVersion":3465}