{"stats":{"minecraft:custom":{"minecraft:jump":132,"minecraft:time_since_rest":934,"minecraft:deaths":1,"minecraft:walk_on_water_one_cm":561,"minecraft:damage_dealt":36,"minecraft:crouch_one_cm":220,"minecraft:leave_game":5,"minecraft:sprint_one_cm":33283,"minecraft:play_time":21763,"minecraft:damage_taken":272,"minecraft:time_since_death":1083,"minecraft:walk_one_cm":35824,"minecraft:sleep_in_bed":2,"minecraft:sneak_time":39,"minecraft:climb_one_cm":322,"minecraft:total_world_time":21763,"minecraft:fall_one_cm":2156,"minecraft:fly_one_cm":32297},"minecraft:killed_by":{"arphex:hornet_harbinger_giant":1}},"DataVersion":3465}