{"stats":{"minecraft:dropped":{"minecraft:wheat_seeds":1,"minecraft:stone_sword":1,"minecraft:cobblestone":50,"biomesoplenty:mahogany_planks":5,"gravestone:obituary":6,"minecraft:wooden_pickaxe":1,"minecraft:stone_pickaxe":1},"minecraft:used":{"minecraft:stone_sword":37,"arphex:burning_glands":1,"minecraft:polished_deepslate":1,"minecraft:spruce_door":3,"minecraft:stone_pickaxe":152,"minecraft:polished_andesite":4,"minecraft:spruce_planks":5,"minecraft:oak_planks":5,"minecraft:black_carpet":1,"minecraft:chest":4,"minecraft:shield":8,"minecraft:wooden_pickaxe":67,"minecraft:rotten_flesh":3,"minecraft:torch":35,"minecraft:dirt":12,"minecraft:crafting_table":4,"born_in_chaos_v1:corpse_maggot":7,"minecraft:apple":1,"minecraft:gravel":1,"minecraft:stone_axe":17,"minecraft:cobblestone":56,"minecraft:andesite":1},"minecraft:custom":{"minecraft:interact_with_furnace":4,"minecraft:mob_kills":15,"minecraft:interact_with_crafting_table":19,"minecraft:leave_game":4,"minecraft:time_since_death":15219,"minecraft:sleep_in_bed":1,"minecraft:climb_one_cm":8040,"minecraft:time_since_rest":15252,"minecraft:sprint_one_cm":162668,"minecraft:damage_taken":3490,"minecraft:walk_one_cm":337962,"minecraft:damage_blocked_by_shield":250,"minecraft:drop":12,"minecraft:damage_dealt":2152,"minecraft:fly_one_cm":142686,"minecraft:player_kills":1,"minecraft:open_chest":7,"minecraft:crouch_one_cm":2878,"minecraft:play_time":120700,"minecraft:deaths":13,"minecraft:sneak_time":1445,"minecraft:walk_under_water_one_cm":19960,"minecraft:interact_with_lectern":1,"minecraft:jump":1263,"minecraft:walk_on_water_one_cm":16046,"minecraft:total_world_time":120700,"minecraft:fall_one_cm":30013},"minecraft:mined":{"minecraft:dark_oak_leaves":2,"minecraft:jungle_leaves":2,"minecraft:dark_oak_log":3,"minecraft:torch":2,"gravestone:gravestone":9,"minecraft:cobblestone":8,"biomesoplenty:sprout":1,"minecraft:wall_torch":1,"minecraft:iron_ore":8,"minecraft:spruce_log":4,"minecraft:black_carpet":1,"minecraft:peony":1,"minecraft:polished_deepslate":1,"minecraft:coal_ore":29,"minecraft:oak_log":16,"minecraft:vine":1,"minecraft:dirt":12,"minecraft:polished_andesite":4,"minecraft:stone":147,"minecraft:oak_leaves":4,"minecraft:fern":2},"minecraft:picked_up":{"born_in_chaos_v1:corpse_maggot":7,"minecraft:black_carpet":1,"minecraft:andesite":1,"gravestone:obituary":13,"minecraft:oak_log":16,"minecraft:shield":1,"minecraft:polished_deepslate":1,"minecraft:string":3,"minecraft:dirt":22,"minecraft:bone":2,"minecraft:apple":1,"minecraft:wheat_seeds":1,"arphex:burning_glands":1,"minecraft:stone_pickaxe":1,"minecraft:oak_planks":16,"minecraft:stick":2,"minecraft:raw_iron":8,"minecraft:torch":30,"minecraft:gravel":1,"minecraft:spruce_log":4,"minecraft:dark_oak_log":3,"minecraft:polished_andesite":5,"minecraft:stone_sword":1,"minecraft:rotten_flesh":3,"minecraft:stone_axe":1,"minecraft:oak_sapling":6,"minecraft:coal":29,"minecraft:cobblestone":192},"minecraft:crafted":{"minecraft:oak_planks":64,"minecraft:crafting_table":4,"minecraft:spruce_planks":16,"minecraft:wooden_pickaxe":2,"minecraft:spruce_door":3,"minecraft:stone_axe":1,"minecraft:air":0,"minecraft:shield":1,"minecraft:stick":24,"minecraft:iron_ingot":2,"minecraft:stone_pickaxe":3,"minecraft:stone_sword":1,"minecraft:chest":4,"minecraft:dark_oak_planks":12,"minecraft:torch":32},"minecraft:broken":{"minecraft:stone_pickaxe":1,"minecraft:wooden_pickaxe":1},"minecraft:killed":{"graveyard:ghoul":1,"minecraft:spider":2,"minecraft:creeper":1,"born_in_chaos_v1:scarlet_persecutor":1,"undead_revamp2:thesomnolence":1,"born_in_chaos_v1:corpse_fly":6,"undead_revamp2:theskeeper":1,"arphex:ant_arsonist":1,"undead_revamp2:thespitter":1},"minecraft:killed_by":{"man:managgresive":1,"minecraft:player":2,"minecraft:spider":1,"born_in_chaos_v1:scarlet_persecutor":4,"undead_revamp2:thesomnolence":2,"born_in_chaos_v1:corpse_fly":1,"undead_revamp2:thespitter":1}},"DataVersion":3465}