{"stats":{"minecraft:dropped":{"minecraft:iron_ingot":1,"minecraft:wheat_seeds":2,"minecraft:apple":1,"minecraft:torch":32,"minecraft:melon_slice":14,"gravestone:obituary":13,"minecraft:iron_axe":1,"born_in_chaos_v1:staffof_magic_arrows":1,"minecraft:stone_sword":2,"minecraft:rotten_flesh":4,"minecraft:glass_pane":61,"minecraft:lectern":1},"minecraft:used":{"minecraft:stone_sword":368,"minecraft:iron_shovel":249,"minecraft:carved_pumpkin":7,"minecraft:diamond_hoe":34,"minecraft:chest":10,"minecraft:shield":83,"minecraft:cooked_chicken":2,"minecraft:rotten_flesh":42,"minecraft:stone_hoe":96,"minecraft:torch":379,"minecraft:brewing_stand":7,"minecraft:dirt":185,"minecraft:white_carpet":1,"minecraft:carrot":155,"minecraft:spruce_fence":9,"minecraft:glass":3,"born_in_chaos_v1:corpse_maggot":73,"minecraft:dark_oak_planks":102,"born_in_chaos_v1:smoked_flesh":5,"born_in_chaos_v1:black_argillite_button":2,"minecraft:villager_spawn_egg":38,"minecraft:iron_block":28,"biomesoplenty:fir_sapling":4,"minecraft:iron_axe":137,"minecraft:green_wool":2,"minecraft:dark_oak_slab":27,"minecraft:dark_oak_button":4,"minecraft:totem_of_undying":1,"minecraft:barrel":6,"minecraft:melon_seeds":17,"minecraft:red_carpet":14,"minecraft:bow":34,"minecraft:furnace":10,"minecraft:minecart":2,"biomesoplenty:fir_fence":39,"minecraft:light_gray_bed":1,"minecraft:wheat_seeds":82,"minecraft:cooked_mutton":5,"minecraft:water_bucket":5,"arphex:burning_glands":3,"minecraft:cobblestone_stairs":6,"minecraft:dark_oak_sign":4,"minecraft:birch_planks":5,"minecraft:stone_pickaxe":278,"minecraft:cartography_table":13,"minecraft:wooden_pickaxe":18,"minecraft:composter":2,"biomesoplenty:fir_planks":69,"minecraft:cauldron":1,"minecraft:fletching_table":3,"minecraft:stonecutter":7,"minecraft:cracked_stone_bricks":2,"minecraft:rail":1,"minecraft:blast_furnace":14,"minecraft:oak_slab":6,"minecraft:crafting_table":10,"minecraft:white_bed":28,"minecraft:dark_oak_fence_gate":18,"minecraft:pumpkin_seeds":3,"minecraft:dark_oak_door":39,"minecraft:lever":3,"minecraft:apple":5,"minecraft:birch_fence_gate":22,"minecraft:dark_oak_log":8,"minecraft:bread":4,"minecraft:melon_slice":94,"minecraft:stone_button":10,"minecraft:iron_pickaxe":93,"minecraft:lectern":5,"minecraft:gravel":5,"biomesoplenty:toadstool":1,"minecraft:stone_axe":251,"minecraft:cobblestone":82,"minecraft:grindstone":7,"minecraft:smithing_table":9,"minecraft:cooked_porkchop":1,"minecraft:dark_oak_fence":77,"minecraft:bucket":5,"minecraft:glass_pane":3,"minecraft:bone_meal":69},"minecraft:custom":{"minecraft:mob_kills":112,"minecraft:interact_with_crafting_table":55,"minecraft:open_barrel":10,"minecraft:damage_dealt_resisted":1513,"minecraft:leave_game":8,"minecraft:time_since_death":35295,"minecraft:climb_one_cm":19254,"minecraft:sprint_one_cm":936882,"minecraft:walk_one_cm":1594179,"minecraft:damage_blocked_by_shield":2915,"minecraft:drop":42,"minecraft:damage_dealt_absorbed":20,"minecraft:talked_to_villager":3,"minecraft:play_time":431393,"minecraft:deaths":48,"minecraft:sneak_time":4855,"minecraft:walk_under_water_one_cm":31674,"minecraft:jump":5349,"minecraft:walk_on_water_one_cm":7029,"minecraft:total_world_time":431393,"minecraft:interact_with_furnace":69,"minecraft:interact_with_cartography_table":1,"minecraft:sleep_in_bed":16,"minecraft:time_since_rest":35319,"minecraft:damage_taken":17136,"minecraft:damage_absorbed":24,"minecraft:damage_dealt":17355,"minecraft:player_kills":3,"minecraft:swim_one_cm":18953,"minecraft:fly_one_cm":1268312,"minecraft:open_chest":154,"minecraft:crouch_one_cm":9747,"minecraft:fall_one_cm":109072},"minecraft:mined":{"minecraft:dark_oak_planks":31,"minecraft:red_carpet":16,"minecraft:dark_oak_leaves":7,"minecraft:cobblestone_stairs":7,"minecraft:dark_oak_log":81,"minecraft:carved_pumpkin":1,"minecraft:glow_lichen":1,"gravestone:gravestone":41,"minecraft:dark_oak_fence":5,"minecraft:stone_button":1,"minecraft:spruce_fence":9,"minecraft:grass_block":137,"born_in_chaos_v1:black_argillite":1,"minecraft:brown_mushroom_block":1,"minecraft:spawner":1,"minecraft:tall_seagrass":1,"minecraft:furnace":3,"minecraft:carrots":72,"minecraft:iron_ore":10,"minecraft:andesite":5,"minecraft:pumpkin":23,"minecraft:deepslate_iron_ore":6,"minecraft:oak_stairs":2,"minecraft:stone":197,"minecraft:iron_block":4,"minecraft:white_wool":2,"minecraft:green_wool":4,"minecraft:oak_slab":6,"minecraft:glass_pane":2,"minecraft:melon_stem":10,"minecraft:torch":15,"biomesoplenty:fir_planks":26,"minecraft:melon":37,"minecraft:mushroom_stem":4,"minecraft:glass":3,"minecraft:tall_grass":2,"minecraft:cobblestone":80,"minecraft:oak_planks":4,"minecraft:wall_torch":29,"minecraft:gray_wool":5,"minecraft:birch_planks":13,"minecraft:dark_oak_wall_sign":2,"minecraft:cobblestone_wall":4,"minecraft:dark_oak_door":2,"biomesoplenty:fir_fence":3,"minecraft:wheat":41,"minecraft:white_carpet":1,"minecraft:birch_leaves":1,"minecraft:light_gray_wool":26,"biomesoplenty:fir_log":51,"minecraft:black_wool":2,"minecraft:grass":63,"minecraft:dark_oak_sign":3,"minecraft:coal_ore":20,"biomesoplenty:fir_leaves":21,"minecraft:gravel":4,"minecraft:dirt":148,"minecraft:cobweb":5,"biomesoplenty:fir_sapling":1,"minecraft:cracked_stone_bricks":1,"minecraft:oak_leaves":2,"minecraft:deepslate":23,"minecraft:fern":51},"minecraft:picked_up":{"minecraft:wooden_axe":1,"minecraft:charcoal":9,"minecraft:crafting_table":1,"minecraft:iron_chestplate":1,"minecraft:wheat":34,"minecraft:chicken":1,"minecraft:ladder":1,"minecraft:clay_ball":3,"minecraft:wooden_pickaxe":1,"minecraft:oak_stairs":2,"gravestone:obituary":7,"minecraft:shield":1,"born_in_chaos_v1:black_argillite":1,"minecraft:string":18,"minecraft:iron_axe":5,"minecraft:wooden_sword":1,"minecraft:iron_leggings":1,"minecraft:white_carpet":1,"minecraft:glass_pane":61,"minecraft:oak_sign":1,"minecraft:cracked_stone_bricks":2,"minecraft:cobbled_deepslate":22,"biomesoplenty:fir_planks":84,"minecraft:iron_pickaxe":1,"minecraft:light_gray_wool":26,"minecraft:lectern":1,"minecraft:melon_slice":167,"minecraft:furnace":3,"minecraft:dark_oak_door":2,"minecraft:dark_oak_sapling":6,"minecraft:raw_iron":16,"minecraft:stick":20,"minecraft:copper_ingot":2,"minecraft:torch":76,"minecraft:spruce_fence":9,"minecraft:porkchop":1,"minecraft:stone_button":2,"minecraft:carrot":203,"minecraft:dark_oak_planks":30,"minecraft:stone_sword":3,"minecraft:rotten_flesh":53,"minecraft:vex_armor_trim_smithing_template":1,"minecraft:iron_block":4,"minecraft:carved_pumpkin":1,"minecraft:green_wool":4,"minecraft:totem_of_undying":2,"minecraft:mutton":4,"minecraft:white_wool":4,"minecraft:cobblestone":275,"born_in_chaos_v1:corpse_maggot":70,"born_in_chaos_v1:staffof_magic_arrows":1,"minecraft:feather":4,"minecraft:andesite":5,"biomesoplenty:fir_log":53,"minecraft:birch_planks":12,"biomesoplenty:fir_sapling":6,"minecraft:cobblestone_wall":4,"minecraft:cobblestone_stairs":7,"minecraft:dirt":267,"minecraft:bone":26,"minecraft:red_carpet":17,"minecraft:apple":2,"minecraft:wheat_seeds":121,"minecraft:stone_pickaxe":1,"minecraft:iron_ingot":4,"arphex:burning_glands":3,"minecraft:cooked_chicken":1,"minecraft:dark_oak_sign":14,"minecraft:glass_bottle":1,"minecraft:oak_planks":24,"biomesoplenty:toadstool":6,"minecraft:oak_slab":6,"minecraft:music_disc_13":1,"minecraft:pumpkin":23,"minecraft:gravel":5,"minecraft:stripped_spruce_log":2,"biomesoplenty:fir_fence":3,"minecraft:spectral_arrow":116,"minecraft:white_bed":4,"minecraft:dark_oak_log":83,"minecraft:spider_eye":1,"arphex:fly_appendage":1,"minecraft:stone_axe":1,"minecraft:gray_wool":6,"minecraft:emerald":8,"minecraft:black_wool":2,"minecraft:melon_seeds":7,"minecraft:dark_oak_fence":5,"minecraft:coal":21},"minecraft:broken":{"minecraft:stone_sword":1,"minecraft:iron_chestplate":1,"minecraft:iron_leggings":1,"minecraft:stone_pickaxe":1,"minecraft:stone_axe":1},"minecraft:crafted":{"minecraft:cooked_chicken":1,"minecraft:furnace":7,"minecraft:dark_oak_sign":3,"minecraft:bone_meal":69,"minecraft:cooked_mutton":5,"minecraft:glass_pane":64,"minecraft:dark_oak_door":18,"minecraft:dark_oak_fence":63,"minecraft:melon_seeds":13,"minecraft:stone_pickaxe":3,"minecraft:chest":10,"minecraft:dark_oak_planks":240,"minecraft:stone_hoe":1,"minecraft:cooked_porkchop":1,"minecraft:crafting_table":9,"minecraft:wooden_pickaxe":1,"minecraft:dark_oak_button":4,"minecraft:bucket":1,"minecraft:stone_axe":2,"minecraft:bread":2,"minecraft:air":0,"minecraft:light_gray_bed":1,"biomesoplenty:fir_planks":212,"biomesoplenty:fir_fence":36,"minecraft:dark_oak_slab":6,"minecraft:iron_chestplate":1,"minecraft:white_wool":7,"minecraft:charcoal":28,"minecraft:shield":1,"minecraft:stick":176,"minecraft:iron_ingot":34,"minecraft:iron_pickaxe":1,"minecraft:stone_sword":3,"minecraft:iron_shovel":2,"minecraft:iron_leggings":1,"minecraft:white_bed":3,"minecraft:dark_oak_fence_gate":3,"minecraft:torch":184},"minecraft:killed":{"undead_revamp2:thewolf":1,"minecraft:evoker":2,"undead_revamp2:thehunter":1,"born_in_chaos_v1:door_knight_not_despawn":1,"minecraft:spider":2,"minecraft:vindicator":4,"born_in_chaos_v1:maggot":3,"minecraft:skeleton":2,"arphex:hornet_harbinger":2,"minecraft:chicken":1,"arphex:scorpion_larvae":1,"undead_revamp2:therod":1,"born_in_chaos_v1:barrel_zombie":1,"minecraft:pig":1,"born_in_chaos_v1:baby_skeleton":1,"undead_revamp2:the_moonflower":1,"born_in_chaos_v1:decrepit_skeleton":3,"arphex:centipede_evictor_larvae":1,"minecraft:sheep":3,"minecraft:zombie":2,"born_in_chaos_v1:corpse_fly":48,"endofherobrine:sheep":26,"born_in_chaos_v1:door_knight":1,"arphex:spider_larvae":2},"minecraft:killed_by":{"undead_revamp2:thewolf":1,"undead_revamp2:sucker":1,"minecraft:player":4,"undead_revamp2:the_moonflower":1,"minecraft:creeper":1,"arphex:spider_jump":2,"born_in_chaos_v1:corpse_fly":6,"undead_revamp2:theswarmer":1,"endofherobrine:sheep":1,"undead_revamp2:thehunter":1,"minecraft:vindicator":1,"arphex:spider_flat":6,"endofherobrine:villager":1,"minecraft:skeleton":1,"minecraft:zombie":1,"undead_revamp2:axestrom":1,"born_in_chaos_v1:scarlet_persecutor":2,"born_in_chaos_v1:door_knight_not_despawn":2,"endofherobrine:silverfish":1,"born_in_chaos_v1:maggot":1,"minecraft:vex":5,"undead_revamp2:thegliter":1}},"DataVersion":3465}