{"stats":{"minecraft:killed":{"undead_revamp2:thewolf":1,"minecraft:cave_spider":2,"born_in_chaos_v1:door_knight_not_despawn":1,"minecraft:spider":2,"born_in_chaos_v1:baby_skeleton_minion":3,"minecraft:skeleton":7,"minecraft:chicken":1,"undead_revamp2:therod":2,"born_in_chaos_v1:bonescaller":1,"minecraft:pig":1,"arphex:spider_jump":1,"born_in_chaos_v1:diamond_termite":4,"minecraft:creeper":1,"arphex:centipede_evictor_larvae":2,"minecraft:sheep":3,"minecraft:zombie":5,"born_in_chaos_v1:dread_hound":3,"born_in_chaos_v1:corpse_fly":48,"minecraft:ghast":1,"born_in_chaos_v1:door_knight":1,"arphex:spider_larvae":2,"minecraft:evoker":2,"undead_revamp2:thehunter":1,"deep_dark_regrowth:vault_chest":1,"minecraft:vindicator":5,"born_in_chaos_v1:maggot":5,"born_in_chaos_v1:dire_hound_leader":1,"arphex:hornet_harbinger":3,"arphex:scorpion_larvae":1,"undead_revamp2:thehorrors":1,"born_in_chaos_v1:barrel_zombie":1,"born_in_chaos_v1:fallen_chaos_knight":1,"born_in_chaos_v1:spiritof_chaos":1,"born_in_chaos_v1:baby_skeleton":1,"undead_revamp2:the_moonflower":1,"born_in_chaos_v1:decrepit_skeleton":3,"born_in_chaos_v1:dark_vortex":1,"endofherobrine:sheep":26,"born_in_chaos_v1:lifestealer_true_form":1},"minecraft:picked_up":{"minecraft:wooden_axe":1,"minecraft:iron_chestplate":1,"minecraft:wheat":125,"minecraft:diamond_sword":2,"minecraft:oak_stairs":5,"minecraft:enchanted_book":2,"born_in_chaos_v1:black_argillite":1,"minecraft:polished_deepslate":28,"minecraft:string":94,"minecraft:smooth_stone_slab":13,"minecraft:iron_leggings":1,"minecraft:pufferfish":1,"minecraft:oak_sign":11,"minecraft:deepslate_tiles":1,"minecraft:smooth_stone":7,"minecraft:cobbled_deepslate":133,"minecraft:bucket":1,"biomesoplenty:fir_planks":84,"minecraft:calcite":1,"minecraft:azalea":5,"minecraft:iron_pickaxe":1,"minecraft:melon_slice":318,"minecraft:furnace":5,"minecraft:dark_oak_door":5,"minecraft:stick":45,"minecraft:big_dripleaf":1,"minecraft:torch":101,"minecraft:pink_carpet":7,"minecraft:porkchop":1,"minecraft:stone_sword":3,"minecraft:rotten_flesh":63,"minecraft:light_gray_bed":2,"minecraft:tropical_fish":2,"minecraft:vex_armor_trim_smithing_template":1,"minecraft:polished_basalt":23,"minecraft:iron_block":4,"minecraft:carved_pumpkin":1,"minecraft:green_wool":4,"minecraft:cod":7,"minecraft:cobblestone":346,"minecraft:birch_log":10,"minecraft:enchanting_table":1,"born_in_chaos_v1:staffof_magic_arrows":1,"minecraft:magma_block":3,"minecraft:feather":4,"born_in_chaos_v1:spiritual_dust":3,"minecraft:andesite":5,"minecraft:potato":158,"biomesoplenty:fir_sapling":6,"biomesoplenty:fir_log":53,"minecraft:flint":1,"minecraft:tuff":10,"deep_dark_regrowth:mossy_fluorite":16,"minecraft:lapis_lazuli":48,"minecraft:dirt":423,"born_in_chaos_v1:monster_skin":5,"minecraft:purple_carpet":16,"minecraft:bone":35,"minecraft:bow":2,"minecraft:wheat_seeds":386,"minecraft:deepslate_brick_slab":36,"minecraft:raw_gold":32,"minecraft:bell":2,"minecraft:dark_oak_sign":14,"minecraft:moss_block":12,"minecraft:oak_planks":24,"minecraft:ghast_tear":1,"biomesoplenty:toadstool":6,"minecraft:music_disc_13":2,"biomesoplenty:fir_fence":3,"minecraft:stripped_spruce_log":2,"minecraft:fermented_spider_eye":1,"minecraft:spectral_arrow":117,"minecraft:dark_oak_log":135,"minecraft:diamond":8,"minecraft:lever":1,"minecraft:soul_lantern":1,"minecraft:writable_book":1,"minecraft:bone_meal":4,"minecraft:emerald":9,"minecraft:dark_oak_fence":9,"minecraft:charcoal":17,"born_in_chaos_v1:diamond_termite_shard":2,"minecraft:crafting_table":5,"born_in_chaos_v1:seedof_chaos":3,"minecraft:chicken":1,"minecraft:ladder":1,"minecraft:clay_ball":15,"minecraft:wooden_pickaxe":1,"biomesoplenty:jacaranda_sapling":6,"gravestone:obituary":11,"minecraft:shield":1,"minecraft:moss_carpet":6,"minecraft:iron_axe":5,"minecraft:wooden_sword":1,"camera:image_frame":2,"minecraft:white_carpet":1,"minecraft:glass_pane":61,"minecraft:cracked_stone_bricks":2,"minecraft:echo_shard":1,"deep_dark_regrowth:sculk_soil":19,"minecraft:light_gray_wool":49,"minecraft:lectern":2,"minecraft:dark_oak_sapling":14,"minecraft:raw_iron":99,"minecraft:copper_ingot":2,"minecraft:spruce_fence":9,"minecraft:stone_button":2,"born_in_chaos_v1:pieceofdarkmetal":6,"minecraft:carrot":504,"minecraft:redstone":54,"minecraft:dark_oak_planks":55,"minecraft:arrow":3,"biomesoplenty:jacaranda_log":16,"minecraft:totem_of_undying":2,"minecraft:mutton":4,"minecraft:white_wool":16,"born_in_chaos_v1:corpse_maggot":71,"born_in_chaos_v1:monster_flesh":12,"minecraft:tripwire_hook":2,"minecraft:salmon":2,"minecraft:birch_planks":12,"minecraft:oak_log":5,"biomesoplenty:jacaranda_planks":1,"minecraft:gunpowder":2,"minecraft:cobblestone_wall":4,"minecraft:cobblestone_stairs":7,"minecraft:red_carpet":18,"minecraft:apple":2,"minecraft:iron_ingot":8,"arphex:burning_glands":3,"minecraft:stone_pickaxe":1,"minecraft:cooked_chicken":1,"minecraft:glass_bottle":1,"deep_dark_regrowth:mechanical_yaw":1,"minecraft:flowering_azalea":7,"minecraft:book":54,"minecraft:oak_slab":9,"deep_dark_regrowth:plasma_chunk":1,"minecraft:dark_oak_slab":7,"minecraft:pumpkin":23,"born_in_chaos_v1:ethereal_spirit":1,"minecraft:gravel":24,"born_in_chaos_v1:dark_rod":2,"born_in_chaos_v1:fangofthe_hound_leader":3,"minecraft:blast_furnace":2,"minecraft:white_bed":6,"minecraft:spider_eye":2,"minecraft:spruce_door":1,"arphex:fly_appendage":1,"minecraft:stone_axe":1,"minecraft:gray_wool":6,"minecraft:melon_seeds":7,"minecraft:black_wool":2,"minecraft:coal":38},"minecraft:mined":{"minecraft:dark_oak_planks":70,"minecraft:cobblestone_stairs":7,"deep_dark_regrowth:fluorescent_moss":4,"minecraft:carved_pumpkin":1,"minecraft:grass_block":153,"minecraft:light_gray_bed":2,"minecraft:deepslate_bricks":1,"minecraft:spawner":2,"minecraft:tall_seagrass":1,"minecraft:magma_block":4,"minecraft:iron_ore":46,"minecraft:cobbled_deepslate":8,"minecraft:pumpkin":23,"minecraft:moss_carpet":4,"minecraft:deepslate_lapis_ore":4,"minecraft:enchanting_table":1,"minecraft:oak_stairs":2,"minecraft:azalea":1,"minecraft:iron_block":4,"minecraft:deepslate_redstone_ore":9,"biomesoplenty:jacaranda_leaves":34,"deep_dark_regrowth:sculk_biter":1,"minecraft:melon_stem":10,"minecraft:clay":2,"born_in_chaos_v1:infected_deepslate_diamond_ore":2,"minecraft:torch":19,"minecraft:blast_furnace":2,"minecraft:melon":67,"minecraft:mushroom_stem":4,"minecraft:glass":3,"minecraft:cobblestone":90,"deep_dark_regrowth:overloaded_sculk":7,"minecraft:oak_planks":4,"minecraft:wall_torch":41,"minecraft:dark_oak_slab":7,"minecraft:dark_oak_door":5,"minecraft:birch_log":8,"minecraft:wheat":144,"minecraft:light_gray_wool":49,"biomesoplenty:fir_log":51,"minecraft:grass":83,"minecraft:oak_log":8,"minecraft:dirt":189,"biomesoplenty:fir_sapling":1,"minecraft:red_mushroom_block":1,"minecraft:oak_leaves":2,"minecraft:deepslate":191,"minecraft:deepslate_tiles":3,"minecraft:tuff":10,"minecraft:red_carpet":16,"minecraft:pink_carpet":3,"deep_dark_regrowth:sculk_soil":17,"minecraft:dark_oak_leaves":9,"minecraft:deepslate_diamond_ore":5,"minecraft:dark_oak_log":133,"born_in_chaos_v1:infected_diamond_ore":2,"minecraft:dark_oak_fence":9,"minecraft:glow_lichen":1,"gravestone:gravestone":48,"minecraft:stone_button":1,"minecraft:spruce_fence":9,"born_in_chaos_v1:black_argillite":1,"minecraft:brown_mushroom_block":1,"minecraft:moss_block":10,"biomesoplenty:jacaranda_log":9,"minecraft:redstone_ore":3,"deep_dark_regrowth:ancient_vase":1,"minecraft:furnace":5,"minecraft:carrots":184,"minecraft:andesite":5,"minecraft:bell":2,"minecraft:bookshelf":12,"minecraft:potatoes":44,"deep_dark_regrowth:mechanical_yaw_activated_charge":1,"minecraft:deepslate_iron_ore":54,"minecraft:stone":244,"minecraft:white_wool":14,"minecraft:green_wool":4,"deep_dark_regrowth:rough_deepslate":1,"minecraft:oak_slab":6,"minecraft:glass_pane":2,"minecraft:crafting_table":4,"deep_dark_regrowth:large_ancient_vase_top_west":1,"biomesoplenty:fir_planks":26,"minecraft:tall_grass":10,"minecraft:lapis_ore":3,"minecraft:deepslate_gold_ore":18,"minecraft:sculk":101,"minecraft:birch_planks":13,"minecraft:gray_wool":5,"minecraft:cobblestone_wall":4,"minecraft:dark_oak_wall_sign":2,"biomesoplenty:fir_fence":3,"minecraft:white_carpet":1,"minecraft:birch_leaves":1,"minecraft:black_wool":2,"minecraft:dark_oak_sign":3,"minecraft:coal_ore":37,"biomesoplenty:fir_leaves":21,"minecraft:gravel":12,"minecraft:cobweb":79,"minecraft:cracked_stone_bricks":1,"minecraft:gold_ore":9,"minecraft:fern":52},"minecraft:crafted":{"minecraft:oak_planks":20,"minecraft:cooked_chicken":1,"minecraft:cooked_mutton":5,"minecraft:dark_oak_door":18,"minecraft:iron_boots":2,"minecraft:melon_seeds":13,"minecraft:chest":17,"minecraft:stone_hoe":1,"minecraft:smoker":1,"biomesoplenty:jacaranda_planks":32,"sophisticatedbackpacks:backpack":1,"minecraft:emerald":4,"minecraft:cooked_porkchop":1,"minecraft:crafting_table":18,"minecraft:iron_helmet":2,"minecraft:baked_potato":73,"minecraft:wooden_pickaxe":1,"minecraft:birch_planks":40,"minecraft:painting":2,"minecraft:light_gray_bed":3,"biomesoplenty:fir_planks":212,"minecraft:dark_oak_slab":132,"minecraft:iron_chestplate":3,"minecraft:diamond_pickaxe":1,"minecraft:charcoal":49,"minecraft:shield":1,"minecraft:stick":400,"minecraft:iron_ingot":89,"minecraft:iron_pickaxe":4,"minecraft:stone_sword":3,"minecraft:dark_oak_fence_gate":7,"minecraft:stone_shovel":1,"minecraft:fishing_rod":2,"minecraft:furnace":11,"minecraft:bone_meal":69,"minecraft:dark_oak_sign":3,"minecraft:glass_pane":64,"minecraft:dark_oak_fence":75,"minecraft:leather":10,"minecraft:stone_pickaxe":3,"minecraft:dark_oak_planks":484,"minecraft:diamond_sword":1,"minecraft:enchanting_table":1,"minecraft:iron_sword":2,"minecraft:dark_oak_button":4,"minecraft:bucket":1,"minecraft:stone_axe":4,"minecraft:bread":18,"minecraft:air":0,"biomesoplenty:fir_fence":36,"minecraft:white_wool":13,"minecraft:iron_shovel":2,"minecraft:iron_leggings":3,"minecraft:white_bed":7,"camera:image_frame":6,"minecraft:torch":276},"minecraft:killed_by":{"undead_revamp2:thewolf":1,"undead_revamp2:sucker":1,"undead_revamp2:the_moonflower":1,"minecraft:creeper":1,"born_in_chaos_v1:corpse_fly":6,"endofherobrine:sheep":1,"minecraft:vindicator":1,"arphex:spider_flat":8,"minecraft:zombie":1,"undead_revamp2:axestrom":1,"born_in_chaos_v1:scarlet_persecutor":2,"born_in_chaos_v1:door_knight_not_despawn":2,"minecraft:vex":5,"undead_revamp2:thegliter":1,"minecraft:player":4,"arphex:spider_jump":2,"undead_revamp2:theswarmer":1,"undead_revamp2:thehunter":1,"minecraft:warden":1,"endofherobrine:villager":1,"minecraft:skeleton":1,"arphex:centipede_evictor_larvae":4,"cave_dweller:cave_dweller":1,"endofherobrine:silverfish":1,"born_in_chaos_v1:maggot":1},"minecraft:broken":{"minecraft:iron_boots":1,"minecraft:iron_chestplate":1,"minecraft:iron_leggings":2,"minecraft:stone_pickaxe":1,"minecraft:stone_axe":1,"minecraft:diamond_sword":1,"minecraft:stone_sword":1,"minecraft:iron_axe":1,"minecraft:iron_pickaxe":1,"minecraft:iron_helmet":1},"minecraft:custom":{"minecraft:interact_with_crafting_table":103,"minecraft:open_barrel":10,"minecraft:bell_ring":36,"minecraft:leave_game":17,"minecraft:time_since_death":9003,"minecraft:sprint_one_cm":2137006,"minecraft:damage_blocked_by_shield":3995,"minecraft:drop":224,"minecraft:talked_to_villager":26,"minecraft:play_time":920931,"minecraft:deaths":56,"minecraft:jump":11751,"minecraft:walk_on_water_one_cm":41569,"minecraft:enchant_item":1,"minecraft:interact_with_furnace":118,"minecraft:traded_with_villager":4,"minecraft:interact_with_cartography_table":1,"minecraft:sleep_in_bed":28,"minecraft:damage_dealt":27617,"minecraft:player_kills":5,"minecraft:crouch_one_cm":41626,"minecraft:interact_with_smoker":7,"minecraft:interact_with_anvil":2,"minecraft:mob_kills":151,"minecraft:damage_dealt_resisted":2011,"minecraft:climb_one_cm":23455,"minecraft:walk_one_cm":3003571,"minecraft:damage_dealt_absorbed":20,"minecraft:sneak_time":14441,"minecraft:walk_under_water_one_cm":45840,"minecraft:interact_with_lectern":1,"minecraft:interact_with_blast_furnace":26,"minecraft:total_world_time":920931,"minecraft:time_since_rest":9060,"minecraft:damage_taken":24001,"minecraft:damage_absorbed":24,"minecraft:swim_one_cm":34456,"minecraft:fly_one_cm":2634490,"minecraft:open_chest":274,"minecraft:fish_caught":11,"minecraft:fall_one_cm":220514},"minecraft:dropped":{"minecraft:moss_block":9,"minecraft:baked_potato":10,"minecraft:diamond":1,"minecraft:dark_oak_slab":1,"minecraft:cod":1,"gravestone:obituary":19,"minecraft:iron_pickaxe":2,"minecraft:fermented_spider_eye":1,"minecraft:fishing_rod":1,"minecraft:stone_axe":2,"minecraft:cobbled_deepslate":11,"born_in_chaos_v1:ethereal_spirit":1,"minecraft:rotten_flesh":13,"minecraft:carrot":131,"minecraft:chainmail_chestplate":1,"minecraft:deepslate_tiles":1,"born_in_chaos_v1:diamond_termite_shard":1,"minecraft:lectern":1,"minecraft:iron_ingot":2,"minecraft:wheat_seeds":8,"minecraft:cobblestone":11,"minecraft:apple":1,"biomesoplenty:jacaranda_log":8,"minecraft:pufferfish":1,"minecraft:torch":54,"minecraft:melon_slice":104,"minecraft:iron_axe":2,"minecraft:polished_basalt":23,"born_in_chaos_v1:staffof_magic_arrows":1,"minecraft:string":16,"minecraft:tripwire_hook":1,"minecraft:bucket":1,"minecraft:moss_carpet":4,"minecraft:stone_sword":2,"minecraft:smooth_stone_slab":13,"minecraft:tuff":2,"minecraft:clay_ball":12,"born_in_chaos_v1:spiritual_dust":3,"minecraft:oak_sign":16,"minecraft:glass_pane":61,"minecraft:diamond_sword":1,"minecraft:big_dripleaf":1,"minecraft:spider_eye":1,"minecraft:bow":1,"minecraft:stone_pickaxe":1,"minecraft:raw_gold":6},"minecraft:used":{"minecraft:moss_carpet":2,"minecraft:iron_shovel":263,"minecraft:diamond_hoe":85,"minecraft:chest":16,"minecraft:shield":103,"minecraft:iron_sword":117,"minecraft:bell":11,"minecraft:rotten_flesh":42,"minecraft:carrot":364,"minecraft:tuff":2,"minecraft:obsidian":10,"minecraft:glass":3,"born_in_chaos_v1:corpse_maggot":73,"born_in_chaos_v1:smoked_flesh":5,"minecraft:lava_bucket":7,"minecraft:villager_spawn_egg":44,"biomesoplenty:fir_sapling":4,"minecraft:green_wool":2,"minecraft:dark_oak_slab":96,"minecraft:dark_oak_button":4,"biomesoplenty:jacaranda_sapling":6,"minecraft:red_carpet":15,"minecraft:bow":110,"minecraft:furnace":15,"minecraft:beetroot_seeds":7,"minecraft:potato":97,"biomesoplenty:fir_fence":39,"minecraft:spruce_door":1,"minecraft:stone_pickaxe":278,"minecraft:dark_oak_sign":4,"minecraft:wooden_pickaxe":18,"biomesoplenty:fir_planks":69,"minecraft:composter":6,"minecraft:blast_furnace":16,"biomesoplenty:jacaranda_planks":1,"minecraft:pumpkin_seeds":3,"minecraft:lever":4,"minecraft:birch_fence_gate":22,"minecraft:dark_oak_log":13,"minecraft:bread":4,"minecraft:melon_slice":143,"minecraft:stone_button":10,"minecraft:lectern":13,"minecraft:gravel":6,"minecraft:diamond_sword":171,"minecraft:dark_oak_fence":84,"minecraft:grindstone":7,"minecraft:smithing_table":9,"minecraft:bone_meal":73,"minecraft:azalea":2,"camera:image_frame":2,"minecraft:enchanting_table":2,"deep_dark_regrowth:mechanical_yaw":1,"minecraft:stone_sword":368,"minecraft:flint_and_steel":1,"minecraft:carved_pumpkin":7,"minecraft:stone_shovel":18,"minecraft:stone_hoe":96,"minecraft:cooked_chicken":2,"minecraft:torch":609,"minecraft:brewing_stand":7,"minecraft:dirt":427,"minecraft:anvil":2,"minecraft:white_carpet":1,"minecraft:pink_carpet":7,"minecraft:spruce_fence":9,"minecraft:dark_oak_planks":160,"born_in_chaos_v1:black_argillite_button":2,"minecraft:bookshelf":15,"minecraft:iron_block":28,"minecraft:oak_stairs":3,"minecraft:iron_axe":159,"minecraft:totem_of_undying":1,"minecraft:melon_seeds":17,"minecraft:barrel":14,"minecraft:tripwire_hook":1,"minecraft:minecart":4,"minecraft:cobbled_deepslate":40,"minecraft:pumpkin":2,"minecraft:light_gray_bed":5,"minecraft:wheat_seeds":276,"minecraft:cooked_mutton":5,"minecraft:water_bucket":12,"arphex:burning_glands":3,"minecraft:cobblestone_stairs":7,"minecraft:birch_planks":8,"minecraft:baked_potato":63,"minecraft:cartography_table":13,"minecraft:cauldron":1,"minecraft:stonecutter":7,"minecraft:fletching_table":4,"minecraft:cracked_stone_bricks":2,"minecraft:rail":1,"deep_dark_regrowth:sculk_soil":9,"minecraft:oak_slab":9,"minecraft:crafting_table":22,"minecraft:red_bed":3,"minecraft:white_bed":48,"minecraft:dark_oak_fence_gate":25,"minecraft:dark_oak_door":61,"minecraft:smoker":1,"minecraft:apple":5,"minecraft:iron_pickaxe":642,"biomesoplenty:toadstool":1,"minecraft:stone_axe":450,"minecraft:fishing_rod":26,"minecraft:cobblestone":115,"minecraft:cooked_porkchop":1,"minecraft:bucket":16,"minecraft:glass_pane":23,"minecraft:purple_carpet":8,"minecraft:splash_potion":11}},"DataVersion":3465}