{"stats":{"minecraft:mined":{"minecraft:grass":1,"minecraft:grass_block":2,"biomesoplenty:watergrass":11,"minecraft:sand":1,"minecraft:oak_leaves":2},"minecraft:killed_by":{"born_in_chaos_v1:restless_spirit":1,"undead_revamp2:therod":1},"minecraft:custom":{"minecraft:time_since_rest":5040,"minecraft:crouch_one_cm":35,"minecraft:play_time":22106,"minecraft:sprint_one_cm":20987,"minecraft:deaths":2,"minecraft:damage_taken":570,"minecraft:walk_one_cm":11955,"minecraft:sneak_time":137,"minecraft:walk_under_water_one_cm":4497,"minecraft:jump":206,"minecraft:damage_dealt":60,"minecraft:leave_game":8,"minecraft:walk_on_water_one_cm":7032,"minecraft:time_since_death":5015,"minecraft:total_world_time":22106,"minecraft:swim_one_cm":2147,"minecraft:fall_one_cm":4848,"minecraft:fly_one_cm":105065},"minecraft:used":{"minecraft:sand":1,"minecraft:dirt":2},"minecraft:picked_up":{"minecraft:sand":1,"minecraft:dirt":2}},"DataVersion":3465}