{"stats":{"minecraft:killed":{"undead_revamp2:thespitter":1},"minecraft:mined":{"minecraft:dark_oak_leaves":2,"minecraft:jungle_leaves":2,"minecraft:spruce_log":4,"minecraft:dark_oak_log":3,"minecraft:black_carpet":1,"minecraft:peony":1,"gravestone:gravestone":3,"minecraft:oak_log":3,"minecraft:coal_ore":2,"minecraft:vine":1,"minecraft:dirt":9,"minecraft:cobblestone":2,"biomesoplenty:sprout":1,"minecraft:stone":90,"minecraft:polished_andesite":3,"minecraft:fern":2},"minecraft:crafted":{"minecraft:oak_planks":12,"minecraft:crafting_table":2,"minecraft:spruce_planks":16,"minecraft:stick":12,"minecraft:wooden_pickaxe":2,"minecraft:stone_pickaxe":2,"minecraft:stone_sword":1,"minecraft:spruce_door":3,"minecraft:dark_oak_planks":12,"minecraft:torch":4},"minecraft:killed_by":{"undead_revamp2:thesomnolence":2,"minecraft:player":1,"undead_revamp2:thespitter":1,"minecraft:spider":1},"minecraft:custom":{"minecraft:time_since_rest":19217,"minecraft:sprint_one_cm":51759,"minecraft:damage_taken":1561,"minecraft:walk_one_cm":113545,"minecraft:mob_kills":1,"minecraft:drop":12,"minecraft:damage_dealt":181,"minecraft:interact_with_crafting_table":10,"minecraft:fly_one_cm":57856,"minecraft:player_kills":1,"minecraft:crouch_one_cm":815,"minecraft:play_time":43707,"minecraft:deaths":6,"minecraft:sneak_time":226,"minecraft:interact_with_lectern":1,"minecraft:jump":505,"minecraft:leave_game":2,"minecraft:walk_on_water_one_cm":6804,"minecraft:time_since_death":19187,"minecraft:sleep_in_bed":1,"minecraft:climb_one_cm":6794,"minecraft:total_world_time":43707,"minecraft:fall_one_cm":9120},"minecraft:dropped":{"minecraft:wheat_seeds":1,"minecraft:stone_sword":1,"gravestone:obituary":6,"minecraft:cobblestone":50,"biomesoplenty:mahogany_planks":5,"minecraft:wooden_pickaxe":1,"minecraft:stone_pickaxe":1},"minecraft:broken":{"minecraft:wooden_pickaxe":1},"minecraft:used":{"minecraft:polished_andesite":4,"minecraft:stone_pickaxe":46,"minecraft:spruce_planks":5,"minecraft:oak_planks":5,"minecraft:black_carpet":1,"minecraft:wooden_pickaxe":67,"minecraft:rotten_flesh":1,"minecraft:torch":3,"minecraft:cobblestone":14,"minecraft:crafting_table":2},"minecraft:picked_up":{"minecraft:black_carpet":1,"minecraft:andesite":1,"gravestone:obituary":9,"minecraft:oak_log":3,"minecraft:spruce_log":4,"minecraft:dark_oak_log":3,"minecraft:dirt":9,"minecraft:polished_andesite":4,"minecraft:rotten_flesh":2,"minecraft:wheat_seeds":1,"minecraft:oak_planks":5,"minecraft:coal":2,"minecraft:cobblestone":83}},"DataVersion":3465}