{"stats":{"minecraft:dropped":{"minecraft:iron_ingot":1,"minecraft:wheat_seeds":2,"minecraft:apple":1,"minecraft:torch":32,"gravestone:obituary":13,"born_in_chaos_v1:staffof_magic_arrows":1,"minecraft:stone_sword":2,"minecraft:rotten_flesh":4},"minecraft:used":{"minecraft:stone_sword":317,"minecraft:iron_shovel":249,"minecraft:chest":6,"minecraft:shield":66,"minecraft:cooked_chicken":2,"minecraft:rotten_flesh":40,"minecraft:torch":126,"minecraft:dirt":185,"minecraft:white_carpet":1,"minecraft:spruce_fence":9,"born_in_chaos_v1:corpse_maggot":71,"minecraft:dark_oak_planks":22,"born_in_chaos_v1:smoked_flesh":5,"biomesoplenty:fir_sapling":4,"minecraft:iron_axe":57,"minecraft:green_wool":2,"minecraft:totem_of_undying":1,"minecraft:red_carpet":4,"minecraft:furnace":8,"minecraft:light_gray_bed":1,"biomesoplenty:fir_fence":39,"minecraft:cooked_mutton":5,"arphex:burning_glands":2,"minecraft:cobblestone_stairs":2,"minecraft:birch_planks":2,"minecraft:stone_pickaxe":260,"minecraft:wooden_pickaxe":18,"biomesoplenty:fir_planks":69,"minecraft:cracked_stone_bricks":2,"minecraft:oak_slab":6,"minecraft:crafting_table":9,"minecraft:white_bed":7,"minecraft:dark_oak_door":6,"minecraft:apple":5,"minecraft:dark_oak_log":1,"minecraft:bread":2,"minecraft:stone_button":2,"minecraft:iron_pickaxe":31,"minecraft:gravel":5,"biomesoplenty:toadstool":1,"minecraft:stone_axe":224,"minecraft:cobblestone":61,"minecraft:cooked_porkchop":1,"minecraft:dark_oak_fence":49,"minecraft:bucket":1},"minecraft:custom":{"minecraft:mob_kills":107,"minecraft:interact_with_crafting_table":35,"minecraft:open_barrel":10,"minecraft:damage_dealt_resisted":1481,"minecraft:leave_game":3,"minecraft:time_since_death":25955,"minecraft:climb_one_cm":12685,"minecraft:sprint_one_cm":505928,"minecraft:walk_one_cm":987683,"minecraft:damage_blocked_by_shield":1985,"minecraft:drop":25,"minecraft:play_time":276551,"minecraft:deaths":35,"minecraft:sneak_time":3929,"minecraft:walk_under_water_one_cm":14233,"minecraft:jump":3221,"minecraft:walk_on_water_one_cm":4101,"minecraft:total_world_time":276551,"minecraft:interact_with_furnace":54,"minecraft:sleep_in_bed":11,"minecraft:time_since_rest":11303,"minecraft:damage_taken":12338,"minecraft:damage_absorbed":24,"minecraft:damage_dealt":14035,"minecraft:fly_one_cm":588853,"minecraft:swim_one_cm":9579,"minecraft:player_kills":3,"minecraft:open_chest":65,"minecraft:crouch_one_cm":8294,"minecraft:fall_one_cm":80817},"minecraft:mined":{"minecraft:dark_oak_planks":4,"minecraft:red_carpet":3,"minecraft:dark_oak_leaves":7,"minecraft:cobblestone_stairs":2,"minecraft:dark_oak_log":71,"minecraft:dark_oak_fence":1,"minecraft:glow_lichen":1,"gravestone:gravestone":28,"minecraft:stone_button":1,"minecraft:spruce_fence":9,"minecraft:grass_block":137,"born_in_chaos_v1:black_argillite":1,"minecraft:brown_mushroom_block":1,"minecraft:spawner":1,"minecraft:furnace":3,"minecraft:iron_ore":10,"minecraft:andesite":5,"minecraft:pumpkin":21,"minecraft:deepslate_iron_ore":6,"minecraft:oak_stairs":2,"minecraft:stone":197,"minecraft:white_wool":2,"minecraft:green_wool":4,"minecraft:oak_slab":6,"minecraft:torch":3,"biomesoplenty:fir_planks":26,"minecraft:mushroom_stem":4,"minecraft:tall_grass":2,"minecraft:cobblestone":11,"minecraft:oak_planks":4,"minecraft:wall_torch":9,"minecraft:gray_wool":5,"minecraft:birch_planks":10,"minecraft:dark_oak_door":2,"minecraft:cobblestone_wall":4,"biomesoplenty:fir_fence":3,"minecraft:white_carpet":1,"minecraft:birch_leaves":1,"minecraft:light_gray_wool":26,"biomesoplenty:fir_log":51,"minecraft:grass":62,"minecraft:black_wool":2,"minecraft:coal_ore":20,"biomesoplenty:fir_leaves":21,"minecraft:gravel":4,"minecraft:dirt":147,"minecraft:cobweb":5,"biomesoplenty:fir_sapling":1,"minecraft:cracked_stone_bricks":1,"minecraft:oak_leaves":2,"minecraft:deepslate":23,"minecraft:fern":51},"minecraft:picked_up":{"minecraft:wooden_axe":1,"minecraft:charcoal":9,"minecraft:iron_chestplate":1,"minecraft:crafting_table":1,"minecraft:chicken":1,"minecraft:ladder":1,"minecraft:clay_ball":3,"minecraft:wooden_pickaxe":1,"minecraft:oak_stairs":2,"gravestone:obituary":7,"minecraft:shield":1,"born_in_chaos_v1:black_argillite":1,"minecraft:string":16,"minecraft:iron_axe":4,"minecraft:wooden_sword":1,"minecraft:iron_leggings":1,"minecraft:white_carpet":1,"minecraft:oak_sign":1,"minecraft:cracked_stone_bricks":2,"minecraft:cobbled_deepslate":22,"biomesoplenty:fir_planks":84,"minecraft:iron_pickaxe":1,"minecraft:light_gray_wool":26,"minecraft:furnace":3,"minecraft:dark_oak_door":2,"minecraft:dark_oak_sapling":6,"minecraft:stick":20,"minecraft:raw_iron":16,"minecraft:copper_ingot":2,"minecraft:torch":42,"minecraft:spruce_fence":9,"minecraft:porkchop":1,"minecraft:stone_button":2,"minecraft:carrot":1,"minecraft:dark_oak_planks":4,"minecraft:stone_sword":3,"minecraft:rotten_flesh":40,"minecraft:vex_armor_trim_smithing_template":1,"minecraft:green_wool":4,"minecraft:totem_of_undying":2,"minecraft:mutton":4,"minecraft:white_wool":4,"minecraft:cobblestone":212,"born_in_chaos_v1:staffof_magic_arrows":1,"born_in_chaos_v1:corpse_maggot":67,"minecraft:feather":4,"minecraft:andesite":5,"biomesoplenty:fir_sapling":6,"minecraft:birch_planks":9,"biomesoplenty:fir_log":53,"minecraft:cobblestone_wall":4,"minecraft:cobblestone_stairs":2,"minecraft:dirt":266,"minecraft:red_carpet":4,"minecraft:bone":8,"minecraft:apple":2,"minecraft:wheat_seeds":29,"arphex:burning_glands":2,"minecraft:stone_pickaxe":1,"minecraft:iron_ingot":4,"minecraft:cooked_chicken":1,"minecraft:glass_bottle":1,"minecraft:oak_planks":24,"biomesoplenty:toadstool":6,"minecraft:oak_slab":6,"minecraft:music_disc_13":1,"minecraft:pumpkin":21,"minecraft:gravel":5,"biomesoplenty:fir_fence":3,"minecraft:stripped_spruce_log":2,"minecraft:white_bed":4,"minecraft:dark_oak_log":73,"minecraft:spider_eye":1,"arphex:fly_appendage":1,"minecraft:stone_axe":1,"minecraft:gray_wool":6,"minecraft:emerald":8,"minecraft:black_wool":2,"minecraft:dark_oak_fence":1,"minecraft:coal":21},"minecraft:broken":{"minecraft:stone_sword":1,"minecraft:stone_pickaxe":1,"minecraft:stone_axe":1},"minecraft:crafted":{"minecraft:cooked_chicken":1,"minecraft:furnace":7,"minecraft:cooked_mutton":5,"minecraft:dark_oak_door":6,"minecraft:dark_oak_fence":48,"minecraft:stone_pickaxe":3,"minecraft:chest":6,"minecraft:dark_oak_planks":176,"minecraft:cooked_porkchop":1,"minecraft:crafting_table":8,"minecraft:wooden_pickaxe":1,"minecraft:bucket":1,"minecraft:stone_axe":2,"minecraft:air":0,"minecraft:light_gray_bed":1,"biomesoplenty:fir_planks":212,"biomesoplenty:fir_fence":36,"minecraft:iron_chestplate":1,"minecraft:white_wool":7,"minecraft:charcoal":28,"minecraft:shield":1,"minecraft:stick":152,"minecraft:iron_pickaxe":1,"minecraft:iron_ingot":19,"minecraft:stone_sword":3,"minecraft:iron_shovel":1,"minecraft:iron_leggings":1,"minecraft:white_bed":3,"minecraft:torch":148},"minecraft:killed":{"minecraft:evoker":2,"undead_revamp2:thehunter":1,"born_in_chaos_v1:door_knight_not_despawn":1,"minecraft:spider":2,"minecraft:vindicator":3,"born_in_chaos_v1:maggot":3,"minecraft:skeleton":2,"arphex:hornet_harbinger":2,"minecraft:chicken":1,"arphex:scorpion_larvae":1,"undead_revamp2:therod":1,"born_in_chaos_v1:barrel_zombie":1,"minecraft:pig":1,"born_in_chaos_v1:baby_skeleton":1,"undead_revamp2:the_moonflower":1,"born_in_chaos_v1:decrepit_skeleton":2,"arphex:centipede_evictor_larvae":1,"minecraft:sheep":3,"minecraft:zombie":1,"born_in_chaos_v1:corpse_fly":47,"endofherobrine:sheep":26,"born_in_chaos_v1:door_knight":1,"arphex:spider_larvae":2},"minecraft:killed_by":{"undead_revamp2:sucker":1,"minecraft:player":4,"undead_revamp2:the_moonflower":1,"minecraft:creeper":1,"born_in_chaos_v1:corpse_fly":5,"undead_revamp2:theswarmer":1,"endofherobrine:sheep":1,"undead_revamp2:thehunter":1,"minecraft:vindicator":1,"minecraft:skeleton":1,"minecraft:zombie":1,"born_in_chaos_v1:scarlet_persecutor":2,"born_in_chaos_v1:door_knight_not_despawn":2,"endofherobrine:silverfish":1,"born_in_chaos_v1:maggot":1,"minecraft:vex":5,"undead_revamp2:thegliter":1}},"DataVersion":3465}