{"stats":{"minecraft:dropped":{"minecraft:wheat_seeds":1,"minecraft:stone_sword":1,"minecraft:cobblestone":50,"biomesoplenty:mahogany_planks":5,"gravestone:obituary":6,"minecraft:wooden_pickaxe":1,"minecraft:stone_pickaxe":1},"minecraft:used":{"minecraft:wheat_seeds":27,"minecraft:water_bucket":5,"minecraft:stone_sword":123,"arphex:burning_glands":2,"minecraft:polished_deepslate":1,"minecraft:spruce_door":3,"minecraft:stone_pickaxe":228,"minecraft:polished_andesite":4,"minecraft:spruce_planks":5,"minecraft:oak_planks":5,"minecraft:black_carpet":1,"minecraft:chest":4,"minecraft:shield":19,"minecraft:wooden_pickaxe":67,"minecraft:stone_hoe":155,"minecraft:rotten_flesh":5,"minecraft:torch":35,"minecraft:dirt":12,"minecraft:crafting_table":4,"born_in_chaos_v1:corpse_maggot":15,"minecraft:apple":1,"minecraft:gravel":1,"minecraft:stone_axe":17,"minecraft:cobblestone":67,"born_in_chaos_v1:river_mint":5,"minecraft:bucket":5,"minecraft:andesite":1},"minecraft:custom":{"minecraft:interact_with_furnace":8,"minecraft:mob_kills":24,"minecraft:interact_with_crafting_table":22,"minecraft:leave_game":4,"minecraft:time_since_death":11313,"minecraft:sleep_in_bed":3,"minecraft:climb_one_cm":8040,"minecraft:time_since_rest":7878,"minecraft:sprint_one_cm":214467,"minecraft:damage_taken":4041,"minecraft:walk_one_cm":468184,"minecraft:damage_blocked_by_shield":530,"minecraft:drop":12,"minecraft:damage_dealt":2982,"minecraft:fly_one_cm":178695,"minecraft:player_kills":1,"minecraft:open_chest":11,"minecraft:crouch_one_cm":3330,"minecraft:play_time":144700,"minecraft:deaths":15,"minecraft:sneak_time":1780,"minecraft:walk_under_water_one_cm":20616,"minecraft:interact_with_lectern":1,"minecraft:jump":1587,"minecraft:walk_on_water_one_cm":18041,"minecraft:total_world_time":144700,"minecraft:fall_one_cm":38587},"minecraft:mined":{"minecraft:dark_oak_leaves":2,"minecraft:jungle_leaves":2,"minecraft:dark_oak_log":3,"minecraft:torch":2,"gravestone:gravestone":11,"minecraft:grass_block":4,"minecraft:tall_grass":5,"minecraft:cobblestone":9,"biomesoplenty:sprout":1,"minecraft:wall_torch":1,"minecraft:tall_seagrass":1,"minecraft:iron_ore":8,"minecraft:spruce_log":4,"born_in_chaos_v1:river_mint":4,"minecraft:black_carpet":1,"minecraft:peony":1,"minecraft:grass":266,"minecraft:polished_deepslate":1,"minecraft:coal_ore":53,"minecraft:oak_log":16,"minecraft:vine":1,"minecraft:dirt":18,"minecraft:polished_andesite":4,"minecraft:stone":194,"minecraft:oak_leaves":5,"minecraft:fern":2},"minecraft:picked_up":{"born_in_chaos_v1:corpse_maggot":15,"minecraft:black_carpet":1,"born_in_chaos_v1:river_mint":5,"minecraft:andesite":1,"gravestone:obituary":13,"minecraft:oak_log":16,"minecraft:shield":1,"minecraft:polished_deepslate":1,"minecraft:string":3,"minecraft:dirt":31,"minecraft:bone":2,"minecraft:apple":1,"minecraft:wheat_seeds":32,"arphex:burning_glands":2,"minecraft:stone_pickaxe":1,"minecraft:light_gray_wool":1,"minecraft:oak_planks":16,"minecraft:stick":2,"minecraft:raw_iron":8,"minecraft:torch":30,"minecraft:gravel":1,"minecraft:spruce_log":4,"minecraft:dark_oak_log":3,"minecraft:polished_andesite":5,"minecraft:stone_sword":1,"minecraft:rotten_flesh":5,"minecraft:stone_axe":1,"minecraft:oak_sapling":6,"minecraft:mutton":1,"undead_revamp2:arapholia":1,"minecraft:coal":53,"minecraft:cobblestone":239},"minecraft:crafted":{"minecraft:oak_planks":64,"minecraft:crafting_table":4,"minecraft:spruce_planks":16,"minecraft:wooden_pickaxe":2,"minecraft:spruce_door":3,"minecraft:bucket":1,"minecraft:stone_axe":1,"minecraft:air":0,"minecraft:shield":1,"minecraft:stick":24,"minecraft:iron_ingot":8,"minecraft:stone_pickaxe":3,"minecraft:stone_sword":1,"minecraft:chest":4,"minecraft:dark_oak_planks":12,"minecraft:torch":32,"minecraft:stone_hoe":1},"minecraft:broken":{"minecraft:stone_pickaxe":1,"minecraft:stone_hoe":1,"minecraft:wooden_pickaxe":1},"minecraft:killed":{"graveyard:ghoul":1,"undead_revamp2:the_moonflower":1,"minecraft:spider":2,"minecraft:creeper":1,"born_in_chaos_v1:scarlet_persecutor":1,"undead_revamp2:thesomnolence":1,"born_in_chaos_v1:corpse_fly":14,"undead_revamp2:theskeeper":1,"arphex:ant_arsonist":1,"undead_revamp2:thespitter":1},"minecraft:killed_by":{"man:managgresive":1,"minecraft:player":2,"undead_revamp2:the_moonflower":1,"minecraft:spider":1,"born_in_chaos_v1:scarlet_persecutor":4,"undead_revamp2:thesomnolence":2,"born_in_chaos_v1:corpse_fly":1,"undead_revamp2:thespitter":1}},"DataVersion":3465}