{"stats":{"minecraft:custom":{"minecraft:time_since_rest":8521,"minecraft:interact_with_furnace":2,"minecraft:sprint_one_cm":80922,"minecraft:damage_taken":2625,"minecraft:walk_one_cm":113114,"minecraft:mob_kills":1,"minecraft:drop":10,"minecraft:damage_dealt":339,"minecraft:swim_one_cm":4699,"minecraft:interact_with_crafting_table":2,"minecraft:open_chest":1,"minecraft:fly_one_cm":140029,"minecraft:crouch_one_cm":75,"minecraft:play_time":53394,"minecraft:deaths":10,"minecraft:sneak_time":52,"minecraft:walk_under_water_one_cm":6739,"minecraft:jump":744,"minecraft:time_since_death":8122,"minecraft:walk_on_water_one_cm":1852,"minecraft:total_world_time":53394,"minecraft:fall_one_cm":16919},"minecraft:picked_up":{"born_in_chaos_v1:staffof_magic_arrows":1,"biomesoplenty:toadstool":2,"minecraft:stick":3,"minecraft:torch":1,"minecraft:gravel":4,"biomesoplenty:fir_sapling":6,"minecraft:birch_planks":4,"biomesoplenty:fir_log":53,"gravestone:obituary":2,"minecraft:dirt":15,"minecraft:rotten_flesh":2,"minecraft:wheat_seeds":8,"biomesoplenty:fir_planks":5,"minecraft:coal":1,"minecraft:cobblestone":17},"minecraft:mined":{"minecraft:birch_planks":4,"minecraft:torch":1,"biomesoplenty:fir_log":51,"gravestone:gravestone":6,"minecraft:grass":20,"minecraft:grass_block":5,"biomesoplenty:fir_planks":6,"biomesoplenty:fir_leaves":21,"minecraft:gravel":4,"minecraft:dirt":10,"biomesoplenty:fir_sapling":1,"minecraft:stone":19,"minecraft:fern":21},"minecraft:crafted":{"biomesoplenty:fir_planks":152,"minecraft:stick":8,"minecraft:wooden_pickaxe":1,"minecraft:stone_pickaxe":1,"minecraft:stone_sword":1,"minecraft:torch":4,"minecraft:stone_axe":1},"minecraft:dropped":{"minecraft:wheat_seeds":2,"gravestone:obituary":8},"minecraft:killed":{"born_in_chaos_v1:maggot":1},"minecraft:used":{"born_in_chaos_v1:corpse_maggot":2,"minecraft:stone_pickaxe":5,"minecraft:birch_planks":1,"biomesoplenty:fir_sapling":4,"minecraft:wooden_pickaxe":18,"biomesoplenty:fir_planks":37,"biomesoplenty:toadstool":1,"minecraft:rotten_flesh":2,"minecraft:stone_axe":26,"minecraft:torch":5},"minecraft:killed_by":{"born_in_chaos_v1:scarlet_persecutor":2,"born_in_chaos_v1:corpse_fly":2,"undead_revamp2:theswarmer":1,"undead_revamp2:the_moonflower":1,"minecraft:creeper":1,"minecraft:zombie":1}},"DataVersion":3465}