{"stats":{"minecraft:picked_up":{"biomesoplenty:fir_planks":2,"biomesoplenty:fir_sapling":4,"biomesoplenty:fir_log":19},"minecraft:custom":{"minecraft:time_since_rest":963,"minecraft:crouch_one_cm":75,"minecraft:deaths":3,"minecraft:play_time":17394,"minecraft:sprint_one_cm":28718,"minecraft:damage_taken":740,"minecraft:walk_one_cm":21442,"minecraft:sneak_time":52,"minecraft:walk_under_water_one_cm":5015,"minecraft:jump":186,"minecraft:walk_on_water_one_cm":83,"minecraft:time_since_death":918,"minecraft:total_world_time":17394,"minecraft:fly_one_cm":54106,"minecraft:fall_one_cm":7110},"minecraft:crafted":{"biomesoplenty:fir_planks":76},"minecraft:mined":{"minecraft:grass":2,"biomesoplenty:fir_planks":2,"biomesoplenty:fir_leaves":17,"biomesoplenty:fir_sapling":1,"biomesoplenty:fir_log":19,"minecraft:fern":6},"minecraft:used":{"biomesoplenty:fir_sapling":4,"biomesoplenty:fir_planks":2},"minecraft:killed_by":{"minecraft:zombie":1}},"DataVersion":3465}