{"stats":{"minecraft:picked_up":{"biomesoplenty:fir_log":15,"biomesoplenty:fir_planks":2,"biomesoplenty:fir_sapling":4},"minecraft:custom":{"minecraft:jump":128,"minecraft:time_since_rest":5394,"minecraft:sprint_one_cm":21486,"minecraft:play_time":5394,"minecraft:time_since_death":5394,"minecraft:walk_one_cm":11047,"minecraft:total_world_time":5394,"minecraft:fall_one_cm":4656,"minecraft:fly_one_cm":37207},"minecraft:crafted":{"biomesoplenty:fir_planks":48},"minecraft:mined":{"biomesoplenty:fir_sapling":1,"minecraft:grass":2,"biomesoplenty:fir_planks":2,"biomesoplenty:fir_leaves":17,"biomesoplenty:fir_log":15,"minecraft:fern":3},"minecraft:used":{"biomesoplenty:fir_planks":2,"biomesoplenty:fir_sapling":4}},"DataVersion":3465}