{"stats":{"minecraft:custom":{"minecraft:jump":86,"minecraft:time_since_rest":3345,"minecraft:damage_dealt":40,"minecraft:damage_taken":290,"minecraft:leave_game":1,"minecraft:sprint_one_cm":12403,"minecraft:play_time":5297,"minecraft:walk_one_cm":8770,"minecraft:time_since_death":3312,"minecraft:deaths":1,"minecraft:total_world_time":5297,"minecraft:fall_one_cm":1193,"minecraft:fly_one_cm":20629},"minecraft:killed_by":{"undead_revamp2:thesomnolence":1},"minecraft:picked_up":{"minecraft:cobblestone":1}},"DataVersion":3465}