{"stats":{"minecraft:dropped":{"minecraft:wheat_seeds":1,"minecraft:stone_sword":1,"minecraft:cobblestone":50,"biomesoplenty:mahogany_planks":5,"gravestone:obituary":6,"minecraft:wooden_pickaxe":1,"minecraft:stone_pickaxe":1},"minecraft:used":{"minecraft:wheat_seeds":24,"minecraft:water_bucket":2,"minecraft:stone_sword":110,"arphex:burning_glands":1,"minecraft:polished_deepslate":1,"minecraft:spruce_door":3,"minecraft:stone_pickaxe":152,"minecraft:polished_andesite":4,"minecraft:spruce_planks":5,"minecraft:oak_planks":5,"minecraft:black_carpet":1,"minecraft:chest":4,"minecraft:shield":11,"minecraft:wooden_pickaxe":67,"minecraft:stone_hoe":78,"minecraft:rotten_flesh":4,"minecraft:torch":35,"minecraft:dirt":12,"minecraft:crafting_table":4,"born_in_chaos_v1:corpse_maggot":7,"minecraft:apple":1,"minecraft:gravel":1,"minecraft:stone_axe":17,"minecraft:cobblestone":62,"born_in_chaos_v1:river_mint":5,"minecraft:bucket":2,"minecraft:andesite":1},"minecraft:custom":{"minecraft:interact_with_furnace":8,"minecraft:mob_kills":18,"minecraft:interact_with_crafting_table":22,"minecraft:leave_game":4,"minecraft:time_since_death":2535,"minecraft:sleep_in_bed":2,"minecraft:climb_one_cm":8040,"minecraft:time_since_rest":2563,"minecraft:sprint_one_cm":191138,"minecraft:damage_taken":3631,"minecraft:walk_one_cm":418808,"minecraft:damage_blocked_by_shield":340,"minecraft:drop":12,"minecraft:damage_dealt":2382,"minecraft:fly_one_cm":160406,"minecraft:player_kills":1,"minecraft:open_chest":11,"minecraft:crouch_one_cm":3032,"minecraft:play_time":132700,"minecraft:deaths":14,"minecraft:sneak_time":1548,"minecraft:walk_under_water_one_cm":20616,"minecraft:interact_with_lectern":1,"minecraft:jump":1445,"minecraft:walk_on_water_one_cm":16646,"minecraft:total_world_time":132700,"minecraft:fall_one_cm":35916},"minecraft:mined":{"minecraft:dark_oak_leaves":2,"minecraft:jungle_leaves":2,"minecraft:dark_oak_log":3,"minecraft:torch":2,"gravestone:gravestone":10,"minecraft:grass_block":3,"minecraft:tall_grass":4,"minecraft:cobblestone":8,"biomesoplenty:sprout":1,"minecraft:wall_torch":1,"minecraft:tall_seagrass":1,"minecraft:iron_ore":8,"minecraft:spruce_log":4,"born_in_chaos_v1:river_mint":4,"minecraft:black_carpet":1,"minecraft:peony":1,"minecraft:grass":248,"minecraft:polished_deepslate":1,"minecraft:coal_ore":29,"minecraft:oak_log":16,"minecraft:vine":1,"minecraft:dirt":12,"minecraft:polished_andesite":4,"minecraft:stone":147,"minecraft:oak_leaves":4,"minecraft:fern":2},"minecraft:picked_up":{"born_in_chaos_v1:corpse_maggot":8,"minecraft:black_carpet":1,"born_in_chaos_v1:river_mint":5,"minecraft:andesite":1,"gravestone:obituary":13,"minecraft:oak_log":16,"minecraft:shield":1,"minecraft:polished_deepslate":1,"minecraft:string":3,"minecraft:dirt":25,"minecraft:bone":2,"minecraft:apple":1,"minecraft:wheat_seeds":27,"arphex:burning_glands":1,"minecraft:stone_pickaxe":1,"minecraft:oak_planks":16,"minecraft:stick":2,"minecraft:raw_iron":8,"minecraft:torch":30,"minecraft:gravel":1,"minecraft:spruce_log":4,"minecraft:dark_oak_log":3,"minecraft:polished_andesite":5,"minecraft:stone_sword":1,"minecraft:rotten_flesh":4,"minecraft:stone_axe":1,"minecraft:oak_sapling":6,"minecraft:coal":29,"minecraft:cobblestone":192},"minecraft:crafted":{"minecraft:oak_planks":64,"minecraft:crafting_table":4,"minecraft:spruce_planks":16,"minecraft:wooden_pickaxe":2,"minecraft:spruce_door":3,"minecraft:bucket":1,"minecraft:stone_axe":1,"minecraft:air":0,"minecraft:shield":1,"minecraft:stick":24,"minecraft:iron_ingot":8,"minecraft:stone_pickaxe":3,"minecraft:stone_sword":1,"minecraft:chest":4,"minecraft:dark_oak_planks":12,"minecraft:torch":32,"minecraft:stone_hoe":1},"minecraft:broken":{"minecraft:stone_pickaxe":1,"minecraft:wooden_pickaxe":1},"minecraft:killed":{"graveyard:ghoul":1,"undead_revamp2:the_moonflower":1,"minecraft:spider":2,"minecraft:creeper":1,"born_in_chaos_v1:scarlet_persecutor":1,"undead_revamp2:thesomnolence":1,"born_in_chaos_v1:corpse_fly":8,"undead_revamp2:theskeeper":1,"arphex:ant_arsonist":1,"undead_revamp2:thespitter":1},"minecraft:killed_by":{"man:managgresive":1,"minecraft:player":2,"minecraft:spider":1,"born_in_chaos_v1:scarlet_persecutor":4,"undead_revamp2:thesomnolence":2,"born_in_chaos_v1:corpse_fly":1,"undead_revamp2:thespitter":1}},"DataVersion":3465}