{"stats":{"minecraft:custom":{"minecraft:interact_with_furnace":16,"minecraft:mob_kills":55,"minecraft:interact_with_crafting_table":9,"minecraft:damage_dealt_resisted":1118,"minecraft:time_since_death":16954,"minecraft:time_since_rest":16977,"minecraft:sprint_one_cm":161763,"minecraft:damage_taken":5476,"minecraft:walk_one_cm":336530,"minecraft:damage_blocked_by_shield":790,"minecraft:drop":17,"minecraft:damage_dealt":6078,"minecraft:swim_one_cm":4699,"minecraft:fly_one_cm":245955,"minecraft:player_kills":1,"minecraft:open_chest":13,"minecraft:crouch_one_cm":4982,"minecraft:play_time":113394,"minecraft:deaths":16,"minecraft:sneak_time":2656,"minecraft:walk_under_water_one_cm":6739,"minecraft:jump":1544,"minecraft:walk_on_water_one_cm":1852,"minecraft:total_world_time":113394,"minecraft:fall_one_cm":39812},"minecraft:picked_up":{"minecraft:wooden_axe":1,"born_in_chaos_v1:corpse_maggot":39,"born_in_chaos_v1:staffof_magic_arrows":1,"minecraft:andesite":5,"minecraft:wooden_pickaxe":1,"minecraft:birch_planks":5,"biomesoplenty:fir_sapling":6,"biomesoplenty:fir_log":53,"gravestone:obituary":2,"born_in_chaos_v1:black_argillite":1,"minecraft:string":1,"minecraft:dirt":25,"minecraft:wooden_sword":1,"minecraft:bone":3,"minecraft:wheat_seeds":18,"minecraft:cobbled_deepslate":22,"biomesoplenty:fir_planks":76,"minecraft:iron_ingot":1,"minecraft:cooked_chicken":1,"biomesoplenty:toadstool":6,"minecraft:stick":3,"minecraft:raw_iron":16,"minecraft:pumpkin":21,"minecraft:torch":5,"minecraft:gravel":5,"minecraft:stone_sword":1,"minecraft:rotten_flesh":27,"minecraft:coal":21,"minecraft:cobblestone":203},"minecraft:mined":{"minecraft:glow_lichen":1,"minecraft:torch":1,"gravestone:gravestone":11,"minecraft:grass_block":5,"biomesoplenty:fir_planks":12,"born_in_chaos_v1:black_argillite":1,"minecraft:cobblestone":3,"minecraft:wall_torch":3,"minecraft:birch_planks":6,"minecraft:iron_ore":10,"minecraft:andesite":5,"minecraft:pumpkin":21,"biomesoplenty:fir_log":51,"minecraft:grass":43,"minecraft:coal_ore":20,"minecraft:deepslate_iron_ore":6,"biomesoplenty:fir_leaves":21,"minecraft:gravel":4,"minecraft:dirt":20,"biomesoplenty:fir_sapling":1,"minecraft:stone":197,"minecraft:deepslate":23,"minecraft:fern":46},"minecraft:crafted":{"minecraft:crafting_table":4,"minecraft:wooden_pickaxe":1,"minecraft:furnace":2,"minecraft:stone_axe":1,"minecraft:air":0,"biomesoplenty:fir_planks":212,"minecraft:iron_chestplate":1,"minecraft:shield":1,"minecraft:stick":20,"minecraft:iron_ingot":16,"minecraft:stone_pickaxe":2,"minecraft:stone_sword":2,"minecraft:iron_leggings":1,"minecraft:torch":44},"minecraft:dropped":{"minecraft:iron_ingot":1,"minecraft:wheat_seeds":2,"minecraft:stone_sword":1,"minecraft:rotten_flesh":4,"gravestone:obituary":8,"born_in_chaos_v1:staffof_magic_arrows":1},"minecraft:killed":{"minecraft:spider":1,"born_in_chaos_v1:decrepit_skeleton":2,"born_in_chaos_v1:maggot":3,"minecraft:zombie":1,"born_in_chaos_v1:corpse_fly":28,"endofherobrine:sheep":18,"born_in_chaos_v1:door_knight":1},"minecraft:used":{"minecraft:stone_sword":172,"minecraft:birch_planks":1,"minecraft:stone_pickaxe":253,"minecraft:shield":27,"minecraft:wooden_pickaxe":18,"biomesoplenty:fir_planks":61,"minecraft:cooked_chicken":1,"minecraft:rotten_flesh":26,"minecraft:torch":40,"minecraft:crafting_table":4,"born_in_chaos_v1:corpse_maggot":40,"biomesoplenty:fir_sapling":4,"minecraft:gravel":5,"biomesoplenty:toadstool":1,"minecraft:stone_axe":102,"minecraft:cobblestone":58,"minecraft:furnace":2},"minecraft:killed_by":{"undead_revamp2:sucker":1,"undead_revamp2:the_moonflower":1,"minecraft:creeper":1,"minecraft:zombie":1,"born_in_chaos_v1:scarlet_persecutor":2,"born_in_chaos_v1:corpse_fly":4,"undead_revamp2:theswarmer":1,"endofherobrine:sheep":1,"born_in_chaos_v1:maggot":1,"undead_revamp2:thegliter":1},"minecraft:broken":{"minecraft:stone_pickaxe":1,"minecraft:stone_sword":1}},"DataVersion":3465}