{"stats":{"minecraft:custom":{"minecraft:mob_kills":80,"minecraft:interact_with_crafting_table":23,"minecraft:open_barrel":10,"minecraft:damage_dealt_resisted":1463,"minecraft:leave_game":1,"minecraft:time_since_death":14744,"minecraft:climb_one_cm":4014,"minecraft:sprint_one_cm":257266,"minecraft:walk_one_cm":629787,"minecraft:damage_blocked_by_shield":1095,"minecraft:drop":23,"minecraft:play_time":173026,"minecraft:deaths":25,"minecraft:sneak_time":3741,"minecraft:walk_under_water_one_cm":7657,"minecraft:jump":2155,"minecraft:walk_on_water_one_cm":2087,"minecraft:total_world_time":173026,"minecraft:interact_with_furnace":17,"minecraft:sleep_in_bed":5,"minecraft:time_since_rest":14768,"minecraft:damage_taken":8631,"minecraft:damage_dealt":9141,"minecraft:fly_one_cm":335725,"minecraft:swim_one_cm":6053,"minecraft:player_kills":3,"minecraft:open_chest":34,"minecraft:crouch_one_cm":7824,"minecraft:fall_one_cm":68183},"minecraft:picked_up":{"minecraft:wooden_axe":1,"minecraft:ladder":1,"minecraft:wooden_pickaxe":1,"minecraft:oak_stairs":2,"gravestone:obituary":6,"born_in_chaos_v1:black_argillite":1,"minecraft:string":16,"minecraft:iron_axe":1,"minecraft:wooden_sword":1,"minecraft:cobbled_deepslate":22,"biomesoplenty:fir_planks":76,"minecraft:dark_oak_sapling":3,"minecraft:stick":3,"minecraft:raw_iron":16,"minecraft:copper_ingot":2,"minecraft:torch":9,"minecraft:spruce_fence":9,"minecraft:stone_sword":1,"minecraft:rotten_flesh":33,"minecraft:cobblestone":206,"born_in_chaos_v1:corpse_maggot":50,"born_in_chaos_v1:staffof_magic_arrows":1,"minecraft:andesite":5,"biomesoplenty:fir_sapling":6,"minecraft:birch_planks":9,"biomesoplenty:fir_log":53,"minecraft:dirt":55,"minecraft:red_carpet":1,"minecraft:bone":5,"minecraft:apple":2,"minecraft:wheat_seeds":22,"minecraft:cooked_chicken":1,"minecraft:iron_ingot":3,"minecraft:glass_bottle":1,"minecraft:oak_planks":5,"biomesoplenty:toadstool":6,"minecraft:oak_slab":6,"minecraft:pumpkin":21,"minecraft:gravel":5,"biomesoplenty:fir_fence":3,"minecraft:stripped_spruce_log":2,"minecraft:white_bed":4,"minecraft:dark_oak_log":33,"minecraft:spider_eye":1,"arphex:fly_appendage":1,"minecraft:emerald":1,"minecraft:dark_oak_fence":1,"minecraft:coal":21},"minecraft:crafted":{"minecraft:furnace":2,"minecraft:cooked_mutton":1,"minecraft:dark_oak_fence":48,"minecraft:stone_pickaxe":3,"minecraft:dark_oak_planks":128,"minecraft:crafting_table":8,"minecraft:wooden_pickaxe":1,"minecraft:stone_axe":2,"minecraft:air":0,"biomesoplenty:fir_planks":212,"biomesoplenty:fir_fence":36,"minecraft:iron_chestplate":1,"minecraft:white_wool":7,"minecraft:shield":1,"minecraft:stick":100,"minecraft:iron_pickaxe":1,"minecraft:iron_ingot":16,"minecraft:stone_sword":2,"minecraft:iron_leggings":1,"minecraft:white_bed":2,"minecraft:torch":80},"minecraft:mined":{"minecraft:dark_oak_leaves":5,"minecraft:dark_oak_log":31,"minecraft:dark_oak_fence":1,"minecraft:glow_lichen":1,"gravestone:gravestone":19,"minecraft:grass_block":6,"minecraft:spruce_fence":9,"born_in_chaos_v1:black_argillite":1,"minecraft:brown_mushroom_block":1,"minecraft:spawner":1,"minecraft:iron_ore":10,"minecraft:andesite":5,"minecraft:pumpkin":21,"minecraft:deepslate_iron_ore":6,"minecraft:oak_stairs":2,"minecraft:stone":197,"minecraft:oak_slab":6,"minecraft:torch":3,"biomesoplenty:fir_planks":12,"minecraft:tall_grass":2,"minecraft:cobblestone":5,"minecraft:oak_planks":4,"minecraft:wall_torch":4,"minecraft:birch_planks":10,"biomesoplenty:fir_fence":3,"minecraft:birch_leaves":1,"biomesoplenty:fir_log":51,"minecraft:grass":50,"minecraft:coal_ore":20,"biomesoplenty:fir_leaves":21,"minecraft:gravel":4,"minecraft:dirt":20,"minecraft:cobweb":5,"biomesoplenty:fir_sapling":1,"minecraft:fern":49,"minecraft:oak_leaves":2,"minecraft:deepslate":23},"minecraft:dropped":{"minecraft:iron_ingot":1,"minecraft:wheat_seeds":2,"minecraft:apple":1,"gravestone:obituary":13,"born_in_chaos_v1:staffof_magic_arrows":1,"minecraft:stone_sword":1,"minecraft:rotten_flesh":4},"minecraft:killed":{"born_in_chaos_v1:door_knight_not_despawn":1,"minecraft:spider":2,"born_in_chaos_v1:maggot":3,"arphex:hornet_harbinger":1,"arphex:scorpion_larvae":1,"undead_revamp2:therod":1,"born_in_chaos_v1:decrepit_skeleton":2,"minecraft:zombie":1,"born_in_chaos_v1:corpse_fly":39,"endofherobrine:sheep":26,"arphex:spider_larvae":1,"born_in_chaos_v1:door_knight":1},"minecraft:used":{"minecraft:stone_sword":251,"minecraft:shield":44,"minecraft:cooked_chicken":1,"minecraft:rotten_flesh":35,"minecraft:torch":89,"minecraft:spruce_fence":9,"born_in_chaos_v1:corpse_maggot":46,"minecraft:dark_oak_planks":8,"born_in_chaos_v1:smoked_flesh":5,"biomesoplenty:fir_sapling":4,"minecraft:red_carpet":1,"minecraft:furnace":2,"biomesoplenty:fir_fence":39,"minecraft:cooked_mutton":1,"minecraft:birch_planks":2,"minecraft:stone_pickaxe":260,"minecraft:wooden_pickaxe":18,"biomesoplenty:fir_planks":61,"minecraft:oak_slab":6,"minecraft:crafting_table":8,"minecraft:white_bed":6,"minecraft:apple":5,"minecraft:dark_oak_log":1,"minecraft:bread":2,"minecraft:gravel":5,"biomesoplenty:toadstool":1,"minecraft:stone_axe":183,"minecraft:cobblestone":59,"minecraft:dark_oak_fence":49},"minecraft:broken":{"minecraft:stone_sword":1,"minecraft:stone_pickaxe":1,"minecraft:stone_axe":1},"minecraft:killed_by":{"minecraft:player":4,"undead_revamp2:sucker":1,"undead_revamp2:the_moonflower":1,"minecraft:creeper":1,"born_in_chaos_v1:corpse_fly":5,"undead_revamp2:theswarmer":1,"endofherobrine:sheep":1,"minecraft:zombie":1,"born_in_chaos_v1:scarlet_persecutor":2,"born_in_chaos_v1:door_knight_not_despawn":2,"born_in_chaos_v1:maggot":1,"undead_revamp2:thegliter":1}},"DataVersion":3465}