{"stats":{"minecraft:dropped":{"minecraft:wheat_seeds":1,"minecraft:stone_sword":1,"minecraft:cobblestone":50,"biomesoplenty:mahogany_planks":5,"gravestone:obituary":7,"minecraft:wooden_pickaxe":1,"minecraft:stone_pickaxe":1},"minecraft:used":{"minecraft:wheat_seeds":46,"minecraft:water_bucket":5,"minecraft:stone_sword":129,"arphex:burning_glands":2,"minecraft:polished_deepslate":1,"minecraft:spruce_door":3,"minecraft:stone_pickaxe":260,"minecraft:polished_andesite":4,"minecraft:spruce_planks":5,"minecraft:oak_planks":5,"minecraft:black_carpet":1,"minecraft:chest":4,"minecraft:shield":19,"minecraft:wooden_pickaxe":67,"minecraft:stone_hoe":155,"minecraft:rotten_flesh":7,"minecraft:torch":44,"minecraft:dirt":33,"minecraft:crafting_table":4,"born_in_chaos_v1:corpse_maggot":15,"minecraft:apple":1,"minecraft:gravel":1,"minecraft:stone_axe":77,"minecraft:cobblestone":161,"born_in_chaos_v1:river_mint":5,"minecraft:bucket":5,"minecraft:andesite":1,"minecraft:cobbled_deepslate":4},"minecraft:custom":{"minecraft:interact_with_furnace":8,"minecraft:mob_kills":26,"minecraft:interact_with_crafting_table":22,"minecraft:leave_game":5,"minecraft:time_since_death":8102,"minecraft:sleep_in_bed":5,"minecraft:climb_one_cm":8675,"minecraft:time_since_rest":7685,"minecraft:sprint_one_cm":260179,"minecraft:damage_taken":4572,"minecraft:walk_one_cm":536210,"minecraft:damage_blocked_by_shield":530,"minecraft:drop":13,"minecraft:damage_dealt":3242,"minecraft:fly_one_cm":234770,"minecraft:player_kills":1,"minecraft:open_chest":11,"minecraft:crouch_one_cm":6980,"minecraft:play_time":164160,"minecraft:deaths":17,"minecraft:sneak_time":2878,"minecraft:walk_under_water_one_cm":21079,"minecraft:interact_with_lectern":1,"minecraft:jump":2049,"minecraft:walk_on_water_one_cm":18404,"minecraft:total_world_time":164160,"minecraft:fall_one_cm":53724},"minecraft:mined":{"minecraft:dark_oak_leaves":2,"minecraft:jungle_leaves":2,"minecraft:dark_oak_log":3,"minecraft:torch":2,"gravestone:gravestone":13,"minecraft:grass_block":15,"minecraft:tall_grass":11,"minecraft:cobblestone":9,"biomesoplenty:sprout":1,"minecraft:wall_torch":1,"minecraft:tall_seagrass":1,"minecraft:iron_ore":24,"minecraft:spruce_log":4,"born_in_chaos_v1:river_mint":4,"minecraft:black_carpet":1,"minecraft:peony":1,"minecraft:grass":397,"minecraft:polished_deepslate":1,"minecraft:coal_ore":53,"minecraft:oak_log":65,"minecraft:deepslate_iron_ore":1,"minecraft:vine":1,"minecraft:dirt":19,"minecraft:polished_andesite":4,"minecraft:stone":205,"minecraft:deepslate":4,"minecraft:oak_leaves":10,"minecraft:fern":2},"minecraft:picked_up":{"born_in_chaos_v1:corpse_maggot":15,"minecraft:black_carpet":1,"born_in_chaos_v1:river_mint":5,"minecraft:andesite":1,"gravestone:obituary":13,"minecraft:oak_log":65,"minecraft:shield":1,"minecraft:polished_deepslate":1,"minecraft:string":5,"minecraft:dirt":43,"minecraft:bone":2,"minecraft:apple":3,"minecraft:wheat_seeds":49,"minecraft:cobbled_deepslate":4,"arphex:burning_glands":2,"minecraft:stone_pickaxe":1,"minecraft:light_gray_wool":1,"minecraft:oak_planks":16,"minecraft:stick":13,"minecraft:raw_iron":24,"minecraft:torch":30,"minecraft:gravel":1,"minecraft:spruce_log":4,"minecraft:dark_oak_log":3,"minecraft:polished_andesite":5,"minecraft:stone_sword":1,"minecraft:rotten_flesh":7,"minecraft:stone_axe":1,"minecraft:oak_sapling":25,"minecraft:mutton":1,"undead_revamp2:arapholia":1,"minecraft:coal":53,"minecraft:cobblestone":249},"minecraft:crafted":{"minecraft:oak_planks":100,"minecraft:crafting_table":4,"minecraft:spruce_planks":16,"minecraft:wooden_pickaxe":2,"minecraft:spruce_door":3,"minecraft:bucket":1,"minecraft:stone_axe":1,"minecraft:air":0,"minecraft:shield":1,"minecraft:stick":28,"minecraft:iron_ingot":8,"minecraft:stone_pickaxe":3,"minecraft:stone_sword":1,"minecraft:chest":4,"minecraft:dark_oak_planks":12,"minecraft:torch":48,"minecraft:stone_hoe":1},"minecraft:broken":{"minecraft:stone_pickaxe":2,"minecraft:stone_hoe":1,"minecraft:wooden_pickaxe":1},"minecraft:killed":{"graveyard:ghoul":1,"undead_revamp2:the_moonflower":1,"minecraft:spider":3,"minecraft:creeper":1,"born_in_chaos_v1:scarlet_persecutor":1,"undead_revamp2:thesomnolence":1,"born_in_chaos_v1:corpse_fly":14,"undead_revamp2:theskeeper":1,"arphex:ant_arsonist":1,"undead_revamp2:thespitter":1},"minecraft:killed_by":{"man:managgresive":1,"minecraft:player":2,"undead_revamp2:the_moonflower":1,"minecraft:spider":1,"born_in_chaos_v1:scarlet_persecutor":4,"undead_revamp2:thesomnolence":2,"born_in_chaos_v1:corpse_fly":1,"undead_revamp2:thespitter":1}},"DataVersion":3465}