{"stats":{"minecraft:killed":{"born_in_chaos_v1:corpse_fly":2,"undead_revamp2:thespitter":1},"minecraft:mined":{"minecraft:dark_oak_leaves":2,"minecraft:dark_oak_log":3,"minecraft:jungle_leaves":2,"gravestone:gravestone":4,"minecraft:cobblestone":5,"biomesoplenty:sprout":1,"minecraft:spruce_log":4,"minecraft:black_carpet":1,"minecraft:peony":1,"minecraft:coal_ore":2,"minecraft:oak_log":16,"minecraft:vine":1,"minecraft:dirt":9,"minecraft:polished_andesite":4,"minecraft:stone":101,"minecraft:oak_leaves":4,"minecraft:fern":2},"minecraft:crafted":{"minecraft:oak_planks":64,"minecraft:crafting_table":3,"minecraft:spruce_planks":16,"minecraft:wooden_pickaxe":2,"minecraft:spruce_door":3,"minecraft:stone_axe":1,"minecraft:stick":12,"minecraft:stone_pickaxe":2,"minecraft:stone_sword":1,"minecraft:chest":2,"minecraft:dark_oak_planks":12,"minecraft:torch":4},"minecraft:killed_by":{"minecraft:player":1,"minecraft:spider":1,"undead_revamp2:thesomnolence":2,"born_in_chaos_v1:corpse_fly":1,"undead_revamp2:thespitter":1},"minecraft:custom":{"minecraft:mob_kills":3,"minecraft:interact_with_crafting_table":13,"minecraft:leave_game":2,"minecraft:time_since_death":9843,"minecraft:sleep_in_bed":1,"minecraft:climb_one_cm":7348,"minecraft:time_since_rest":9919,"minecraft:sprint_one_cm":71361,"minecraft:damage_taken":1812,"minecraft:walk_one_cm":157952,"minecraft:drop":12,"minecraft:damage_dealt":441,"minecraft:fly_one_cm":71808,"minecraft:player_kills":1,"minecraft:open_chest":1,"minecraft:crouch_one_cm":815,"minecraft:play_time":55707,"minecraft:deaths":7,"minecraft:sneak_time":226,"minecraft:interact_with_lectern":1,"minecraft:jump":652,"minecraft:walk_on_water_one_cm":6804,"minecraft:total_world_time":55707,"minecraft:fall_one_cm":12378},"minecraft:dropped":{"minecraft:wheat_seeds":1,"minecraft:stone_sword":1,"minecraft:cobblestone":50,"biomesoplenty:mahogany_planks":5,"gravestone:obituary":6,"minecraft:stone_pickaxe":1,"minecraft:wooden_pickaxe":1},"minecraft:broken":{"minecraft:wooden_pickaxe":1},"minecraft:used":{"minecraft:stone_sword":4,"minecraft:spruce_door":3,"minecraft:stone_pickaxe":63,"minecraft:polished_andesite":4,"minecraft:chest":2,"minecraft:oak_planks":5,"minecraft:black_carpet":1,"minecraft:spruce_planks":5,"minecraft:wooden_pickaxe":67,"minecraft:rotten_flesh":2,"minecraft:torch":3,"minecraft:crafting_table":3,"born_in_chaos_v1:corpse_maggot":6,"minecraft:stone_axe":17,"minecraft:cobblestone":23},"minecraft:picked_up":{"born_in_chaos_v1:corpse_maggot":6,"minecraft:black_carpet":1,"minecraft:andesite":1,"minecraft:oak_log":16,"gravestone:obituary":13,"minecraft:dirt":9,"minecraft:apple":1,"minecraft:wheat_seeds":1,"minecraft:oak_planks":5,"minecraft:stick":2,"minecraft:spruce_log":4,"minecraft:dark_oak_log":3,"minecraft:polished_andesite":5,"minecraft:rotten_flesh":2,"minecraft:oak_sapling":6,"minecraft:coal":2,"minecraft:cobblestone":97}},"DataVersion":3465}