{"stats":{"minecraft:custom":{"minecraft:time_since_rest":3929,"minecraft:interact_with_furnace":4,"minecraft:sprint_one_cm":83208,"minecraft:damage_taken":3305,"minecraft:walk_one_cm":159550,"minecraft:mob_kills":4,"minecraft:drop":11,"minecraft:damage_dealt":1305,"minecraft:player_kills":1,"minecraft:swim_one_cm":4699,"minecraft:interact_with_crafting_table":4,"minecraft:open_chest":3,"minecraft:fly_one_cm":141719,"minecraft:crouch_one_cm":75,"minecraft:play_time":65394,"minecraft:deaths":12,"minecraft:sneak_time":59,"minecraft:walk_under_water_one_cm":6739,"minecraft:damage_dealt_resisted":1034,"minecraft:jump":847,"minecraft:time_since_death":3858,"minecraft:walk_on_water_one_cm":1852,"minecraft:total_world_time":65394,"minecraft:fall_one_cm":17230},"minecraft:picked_up":{"born_in_chaos_v1:staffof_magic_arrows":1,"biomesoplenty:toadstool":2,"minecraft:stick":3,"minecraft:wooden_pickaxe":1,"minecraft:torch":3,"minecraft:gravel":5,"biomesoplenty:fir_sapling":6,"minecraft:birch_planks":5,"biomesoplenty:fir_log":53,"gravestone:obituary":2,"minecraft:wooden_sword":1,"minecraft:dirt":24,"minecraft:rotten_flesh":17,"minecraft:wheat_seeds":8,"biomesoplenty:fir_planks":9,"minecraft:iron_ingot":1,"minecraft:wooden_axe":1,"minecraft:coal":19,"minecraft:cobblestone":95,"born_in_chaos_v1:corpse_maggot":1},"minecraft:mined":{"minecraft:birch_planks":6,"minecraft:torch":1,"biomesoplenty:fir_log":51,"gravestone:gravestone":8,"minecraft:coal_ore":18,"minecraft:grass":20,"minecraft:grass_block":5,"biomesoplenty:fir_planks":10,"biomesoplenty:fir_leaves":21,"minecraft:gravel":4,"minecraft:dirt":19,"biomesoplenty:fir_sapling":1,"minecraft:stone":93,"minecraft:wall_torch":2,"minecraft:fern":21},"minecraft:crafted":{"biomesoplenty:fir_planks":212,"minecraft:shield":1,"minecraft:crafting_table":1,"minecraft:stick":8,"minecraft:wooden_pickaxe":1,"minecraft:stone_pickaxe":1,"minecraft:stone_sword":1,"minecraft:torch":4,"minecraft:stone_axe":1},"minecraft:dropped":{"minecraft:wheat_seeds":2,"gravestone:obituary":8,"born_in_chaos_v1:staffof_magic_arrows":1},"minecraft:killed":{"born_in_chaos_v1:door_knight":1,"born_in_chaos_v1:maggot":3},"minecraft:used":{"born_in_chaos_v1:corpse_maggot":6,"minecraft:stone_sword":51,"minecraft:stone_pickaxe":97,"minecraft:birch_planks":1,"biomesoplenty:fir_sapling":4,"minecraft:wooden_pickaxe":18,"biomesoplenty:fir_planks":48,"biomesoplenty:toadstool":1,"minecraft:rotten_flesh":4,"minecraft:stone_axe":33,"minecraft:torch":6,"minecraft:cobblestone":7,"minecraft:crafting_table":1},"minecraft:killed_by":{"born_in_chaos_v1:scarlet_persecutor":2,"born_in_chaos_v1:corpse_fly":3,"undead_revamp2:sucker":1,"undead_revamp2:theswarmer":1,"undead_revamp2:the_moonflower":1,"minecraft:creeper":1,"minecraft:zombie":1}},"DataVersion":3465}