{"stats":{"minecraft:dropped":{"minecraft:dark_oak_slab":1,"gravestone:obituary":13,"minecraft:rotten_flesh":4,"minecraft:carrot":62,"minecraft:lectern":1,"minecraft:iron_ingot":1,"minecraft:wheat_seeds":2,"minecraft:apple":1,"minecraft:torch":32,"minecraft:melon_slice":14,"minecraft:iron_axe":2,"born_in_chaos_v1:staffof_magic_arrows":1,"minecraft:bucket":1,"minecraft:stone_sword":2,"minecraft:glass_pane":61,"minecraft:stone_pickaxe":1},"minecraft:used":{"minecraft:iron_shovel":249,"minecraft:diamond_hoe":85,"minecraft:chest":10,"minecraft:shield":83,"minecraft:bell":11,"minecraft:rotten_flesh":42,"minecraft:carrot":183,"born_in_chaos_v1:corpse_maggot":73,"minecraft:glass":3,"born_in_chaos_v1:smoked_flesh":5,"minecraft:villager_spawn_egg":44,"biomesoplenty:fir_sapling":4,"minecraft:green_wool":2,"minecraft:dark_oak_slab":54,"minecraft:dark_oak_button":4,"minecraft:red_carpet":14,"minecraft:bow":43,"minecraft:furnace":10,"minecraft:potato":12,"biomesoplenty:fir_fence":39,"minecraft:dark_oak_sign":4,"minecraft:stone_pickaxe":278,"minecraft:wooden_pickaxe":18,"biomesoplenty:fir_planks":69,"minecraft:composter":6,"minecraft:blast_furnace":14,"minecraft:pumpkin_seeds":3,"minecraft:lever":3,"minecraft:birch_fence_gate":22,"minecraft:dark_oak_log":8,"minecraft:melon_slice":108,"minecraft:bread":4,"minecraft:stone_button":10,"minecraft:lectern":12,"minecraft:gravel":5,"minecraft:grindstone":7,"minecraft:smithing_table":9,"minecraft:dark_oak_fence":80,"minecraft:bone_meal":69,"minecraft:stone_sword":368,"minecraft:carved_pumpkin":7,"minecraft:stone_hoe":96,"minecraft:cooked_chicken":2,"minecraft:torch":423,"minecraft:brewing_stand":7,"minecraft:dirt":240,"minecraft:anvil":2,"minecraft:white_carpet":1,"minecraft:spruce_fence":9,"minecraft:dark_oak_planks":116,"born_in_chaos_v1:black_argillite_button":2,"minecraft:bookshelf":15,"minecraft:iron_block":28,"minecraft:iron_axe":159,"minecraft:totem_of_undying":1,"minecraft:barrel":14,"minecraft:melon_seeds":17,"minecraft:minecart":4,"minecraft:light_gray_bed":1,"minecraft:wheat_seeds":82,"minecraft:cooked_mutton":5,"minecraft:water_bucket":9,"arphex:burning_glands":3,"minecraft:cobblestone_stairs":7,"minecraft:birch_planks":8,"minecraft:cartography_table":13,"minecraft:cauldron":1,"minecraft:fletching_table":4,"minecraft:stonecutter":7,"minecraft:cracked_stone_bricks":2,"minecraft:rail":1,"minecraft:oak_slab":6,"minecraft:crafting_table":11,"minecraft:red_bed":3,"minecraft:white_bed":42,"minecraft:dark_oak_fence_gate":21,"minecraft:dark_oak_door":61,"minecraft:apple":5,"minecraft:iron_pickaxe":95,"biomesoplenty:toadstool":1,"minecraft:stone_axe":251,"minecraft:cobblestone":105,"minecraft:cooked_porkchop":1,"minecraft:bucket":6,"minecraft:glass_pane":19},"minecraft:custom":{"minecraft:interact_with_crafting_table":56,"minecraft:open_barrel":10,"minecraft:bell_ring":12,"minecraft:leave_game":9,"minecraft:time_since_death":92173,"minecraft:sprint_one_cm":1060666,"minecraft:damage_blocked_by_shield":2915,"minecraft:drop":48,"minecraft:talked_to_villager":8,"minecraft:play_time":488271,"minecraft:deaths":48,"minecraft:jump":5973,"minecraft:walk_on_water_one_cm":7212,"minecraft:interact_with_furnace":69,"minecraft:interact_with_cartography_table":1,"minecraft:sleep_in_bed":18,"minecraft:damage_dealt":17365,"minecraft:player_kills":3,"minecraft:crouch_one_cm":10085,"minecraft:mob_kills":113,"minecraft:interact_with_anvil":2,"minecraft:damage_dealt_resisted":1513,"minecraft:climb_one_cm":19254,"minecraft:walk_one_cm":1736813,"minecraft:damage_dealt_absorbed":20,"minecraft:sneak_time":5137,"minecraft:walk_under_water_one_cm":32042,"minecraft:total_world_time":488271,"minecraft:time_since_rest":33614,"minecraft:damage_taken":17192,"minecraft:damage_absorbed":24,"minecraft:swim_one_cm":20425,"minecraft:fly_one_cm":1525997,"minecraft:open_chest":161,"minecraft:fall_one_cm":115565},"minecraft:mined":{"minecraft:dark_oak_planks":35,"minecraft:cobblestone_stairs":7,"minecraft:carved_pumpkin":1,"minecraft:grass_block":137,"minecraft:spawner":1,"minecraft:tall_seagrass":1,"minecraft:iron_ore":10,"minecraft:pumpkin":23,"minecraft:oak_stairs":2,"minecraft:iron_block":4,"minecraft:melon_stem":10,"minecraft:torch":15,"minecraft:melon":37,"minecraft:mushroom_stem":4,"minecraft:glass":3,"minecraft:cobblestone":80,"minecraft:oak_planks":4,"minecraft:wall_torch":29,"minecraft:dark_oak_slab":6,"minecraft:dark_oak_door":5,"minecraft:birch_log":8,"minecraft:wheat":41,"minecraft:light_gray_wool":26,"biomesoplenty:fir_log":51,"minecraft:grass":64,"minecraft:dirt":148,"biomesoplenty:fir_sapling":1,"minecraft:deepslate":23,"minecraft:oak_leaves":2,"minecraft:red_carpet":16,"minecraft:dark_oak_leaves":7,"minecraft:dark_oak_log":81,"minecraft:dark_oak_fence":5,"minecraft:glow_lichen":1,"gravestone:gravestone":41,"minecraft:stone_button":1,"minecraft:spruce_fence":9,"born_in_chaos_v1:black_argillite":1,"minecraft:brown_mushroom_block":1,"minecraft:furnace":3,"minecraft:carrots":88,"minecraft:andesite":5,"minecraft:bell":2,"minecraft:deepslate_iron_ore":6,"minecraft:stone":197,"minecraft:white_wool":2,"minecraft:green_wool":4,"minecraft:oak_slab":6,"minecraft:glass_pane":2,"biomesoplenty:fir_planks":26,"minecraft:tall_grass":2,"minecraft:gray_wool":5,"minecraft:birch_planks":13,"minecraft:cobblestone_wall":4,"minecraft:dark_oak_wall_sign":2,"biomesoplenty:fir_fence":3,"minecraft:white_carpet":1,"minecraft:birch_leaves":1,"minecraft:black_wool":2,"minecraft:dark_oak_sign":3,"minecraft:coal_ore":20,"biomesoplenty:fir_leaves":21,"minecraft:gravel":4,"minecraft:cobweb":5,"minecraft:cracked_stone_bricks":1,"minecraft:fern":51},"minecraft:picked_up":{"minecraft:wooden_axe":1,"minecraft:iron_chestplate":1,"minecraft:wheat":34,"minecraft:oak_stairs":2,"born_in_chaos_v1:black_argillite":1,"minecraft:string":18,"minecraft:iron_leggings":1,"minecraft:oak_sign":1,"minecraft:cobbled_deepslate":22,"biomesoplenty:fir_planks":84,"minecraft:bucket":1,"minecraft:iron_pickaxe":1,"minecraft:melon_slice":167,"minecraft:furnace":3,"minecraft:dark_oak_door":5,"minecraft:stick":20,"minecraft:torch":78,"minecraft:porkchop":1,"minecraft:stone_sword":3,"minecraft:rotten_flesh":53,"minecraft:vex_armor_trim_smithing_template":1,"minecraft:iron_block":4,"minecraft:carved_pumpkin":1,"minecraft:green_wool":4,"minecraft:cobblestone":275,"minecraft:birch_log":10,"born_in_chaos_v1:staffof_magic_arrows":1,"minecraft:feather":4,"minecraft:andesite":5,"biomesoplenty:fir_sapling":6,"biomesoplenty:fir_log":53,"minecraft:dirt":267,"minecraft:purple_carpet":8,"minecraft:bone":26,"minecraft:wheat_seeds":121,"minecraft:bell":2,"minecraft:dark_oak_sign":14,"minecraft:oak_planks":24,"biomesoplenty:toadstool":6,"minecraft:music_disc_13":1,"biomesoplenty:fir_fence":3,"minecraft:stripped_spruce_log":2,"minecraft:spectral_arrow":116,"minecraft:dark_oak_log":83,"minecraft:emerald":8,"minecraft:dark_oak_fence":5,"minecraft:charcoal":9,"minecraft:crafting_table":1,"minecraft:chicken":1,"minecraft:ladder":1,"minecraft:clay_ball":3,"minecraft:wooden_pickaxe":1,"gravestone:obituary":7,"minecraft:shield":1,"minecraft:iron_axe":5,"minecraft:wooden_sword":1,"minecraft:white_carpet":1,"minecraft:glass_pane":61,"minecraft:cracked_stone_bricks":2,"minecraft:light_gray_wool":26,"minecraft:lectern":1,"minecraft:dark_oak_sapling":6,"minecraft:raw_iron":16,"minecraft:copper_ingot":2,"minecraft:spruce_fence":9,"minecraft:stone_button":2,"minecraft:carrot":262,"minecraft:dark_oak_planks":34,"minecraft:totem_of_undying":2,"minecraft:mutton":4,"minecraft:white_wool":4,"born_in_chaos_v1:corpse_maggot":70,"minecraft:birch_planks":12,"minecraft:cobblestone_wall":4,"minecraft:cobblestone_stairs":7,"minecraft:red_carpet":17,"minecraft:apple":2,"minecraft:iron_ingot":4,"arphex:burning_glands":3,"minecraft:stone_pickaxe":1,"minecraft:cooked_chicken":1,"minecraft:glass_bottle":1,"minecraft:oak_slab":6,"minecraft:dark_oak_slab":6,"minecraft:pumpkin":23,"minecraft:gravel":5,"minecraft:white_bed":4,"minecraft:spider_eye":1,"arphex:fly_appendage":1,"minecraft:stone_axe":1,"minecraft:gray_wool":6,"minecraft:melon_seeds":7,"minecraft:black_wool":2,"minecraft:coal":21},"minecraft:broken":{"minecraft:iron_chestplate":1,"minecraft:iron_leggings":1,"minecraft:stone_pickaxe":1,"minecraft:stone_axe":1,"minecraft:stone_sword":1,"minecraft:iron_axe":1},"minecraft:crafted":{"minecraft:cooked_chicken":1,"minecraft:cooked_mutton":5,"minecraft:dark_oak_door":18,"minecraft:melon_seeds":13,"minecraft:chest":10,"minecraft:stone_hoe":1,"minecraft:cooked_porkchop":1,"minecraft:crafting_table":10,"minecraft:wooden_pickaxe":1,"minecraft:birch_planks":40,"biomesoplenty:fir_planks":212,"minecraft:light_gray_bed":1,"minecraft:dark_oak_slab":6,"minecraft:iron_chestplate":1,"minecraft:charcoal":28,"minecraft:shield":1,"minecraft:stick":180,"minecraft:iron_ingot":34,"minecraft:iron_pickaxe":1,"minecraft:stone_sword":3,"minecraft:dark_oak_fence_gate":3,"minecraft:furnace":7,"minecraft:bone_meal":69,"minecraft:dark_oak_sign":3,"minecraft:glass_pane":64,"minecraft:dark_oak_fence":63,"minecraft:stone_pickaxe":3,"minecraft:dark_oak_planks":268,"minecraft:bucket":1,"minecraft:dark_oak_button":4,"minecraft:stone_axe":2,"minecraft:air":0,"minecraft:bread":2,"biomesoplenty:fir_fence":36,"minecraft:white_wool":7,"minecraft:iron_shovel":2,"minecraft:iron_leggings":1,"minecraft:white_bed":3,"minecraft:torch":184},"minecraft:killed":{"undead_revamp2:thewolf":1,"born_in_chaos_v1:door_knight_not_despawn":1,"minecraft:spider":2,"minecraft:skeleton":2,"minecraft:chicken":1,"undead_revamp2:therod":1,"minecraft:pig":1,"arphex:centipede_evictor_larvae":1,"minecraft:sheep":3,"minecraft:zombie":2,"born_in_chaos_v1:corpse_fly":48,"arphex:spider_larvae":2,"born_in_chaos_v1:door_knight":1,"minecraft:evoker":2,"undead_revamp2:thehunter":1,"minecraft:vindicator":4,"born_in_chaos_v1:maggot":3,"arphex:hornet_harbinger":3,"arphex:scorpion_larvae":1,"born_in_chaos_v1:barrel_zombie":1,"born_in_chaos_v1:baby_skeleton":1,"undead_revamp2:the_moonflower":1,"born_in_chaos_v1:decrepit_skeleton":3,"endofherobrine:sheep":26},"minecraft:killed_by":{"undead_revamp2:thewolf":1,"undead_revamp2:sucker":1,"undead_revamp2:the_moonflower":1,"minecraft:creeper":1,"born_in_chaos_v1:corpse_fly":6,"endofherobrine:sheep":1,"minecraft:vindicator":1,"arphex:spider_flat":6,"minecraft:zombie":1,"undead_revamp2:axestrom":1,"born_in_chaos_v1:scarlet_persecutor":2,"born_in_chaos_v1:door_knight_not_despawn":2,"minecraft:vex":5,"undead_revamp2:thegliter":1,"minecraft:player":4,"arphex:spider_jump":2,"undead_revamp2:theswarmer":1,"undead_revamp2:thehunter":1,"endofherobrine:villager":1,"minecraft:skeleton":1,"endofherobrine:silverfish":1,"born_in_chaos_v1:maggot":1}},"DataVersion":3465}