{"stats":{"minecraft:killed":{"minecraft:zombie":1,"born_in_chaos_v1:baby_skeleton":1,"undead_revamp2:the_moonflower":1,"born_in_chaos_v1:scarlet_persecutor":2},"minecraft:crafted":{"minecraft:crafting_table":1,"minecraft:spruce_planks":8,"minecraft:stick":12,"minecraft:wooden_pickaxe":1,"minecraft:stone_pickaxe":1,"minecraft:stone_sword":1,"minecraft:furnace":1,"minecraft:torch":8,"minecraft:stone_axe":1},"minecraft:mined":{"minecraft:deepslate_brick_slab":2,"minecraft:spruce_planks":3,"minecraft:iron_ore":7,"minecraft:polished_basalt":1,"minecraft:spruce_log":2,"minecraft:andesite":1,"minecraft:black_carpet":1,"minecraft:crafting_table":2,"gravestone:gravestone":2,"minecraft:grass":1,"minecraft:coal_ore":13,"minecraft:gravel":2,"minecraft:campfire":4,"minecraft:cobblestone":13,"biomesoplenty:sprout":1,"minecraft:stone":35,"minecraft:oak_planks":2},"minecraft:killed_by":{"undead_revamp2:thesomnolence":1,"born_in_chaos_v1:scarlet_persecutor":1},"minecraft:custom":{"minecraft:time_since_rest":1649,"minecraft:sprint_one_cm":1214,"minecraft:damage_taken":490,"minecraft:walk_one_cm":80842,"minecraft:mob_kills":5,"minecraft:drop":11,"minecraft:damage_dealt":977,"minecraft:interact_with_crafting_table":6,"minecraft:fly_one_cm":1814,"minecraft:open_chest":4,"minecraft:crouch_one_cm":8007,"minecraft:play_time":27723,"minecraft:deaths":2,"minecraft:sneak_time":1959,"minecraft:walk_under_water_one_cm":2185,"minecraft:interact_with_lectern":1,"minecraft:jump":265,"minecraft:leave_game":1,"minecraft:walk_on_water_one_cm":2331,"minecraft:time_since_death":1619,"minecraft:total_world_time":27723,"minecraft:climb_one_cm":1608,"minecraft:fall_one_cm":2633},"minecraft:dropped":{"minecraft:dirt":10,"minecraft:stone_axe":1,"minecraft:shield":1,"minecraft:stone_sword":1,"minecraft:torch":27,"minecraft:cobblestone":49,"minecraft:oak_planks":11,"minecraft:stone_pickaxe":1,"minecraft:wooden_pickaxe":1,"minecraft:string":1},"minecraft:used":{"minecraft:stone_sword":12,"born_in_chaos_v1:ethereal_spirit":6,"minecraft:stone_pickaxe":72,"minecraft:ladder":2,"minecraft:black_carpet":1,"minecraft:polished_basalt":1,"minecraft:wooden_pickaxe":4,"minecraft:gravel":2,"minecraft:stone_axe":2,"minecraft:torch":3,"minecraft:cobblestone":21,"minecraft:crafting_table":2,"minecraft:deepslate_brick_slab":2},"minecraft:picked_up":{"minecraft:raw_iron":7,"minecraft:charcoal":8,"minecraft:crafting_table":2,"minecraft:black_carpet":1,"minecraft:ladder":2,"minecraft:andesite":1,"born_in_chaos_v1:ethereal_spirit":2,"minecraft:gravel":2,"minecraft:spruce_log":2,"minecraft:bone":2,"minecraft:deepslate_brick_slab":2,"minecraft:spruce_planks":3,"minecraft:polished_basalt":1,"minecraft:oak_planks":2,"minecraft:coal":10,"minecraft:cobblestone":46}},"DataVersion":3465}