{"stats":{"minecraft:killed":{"born_in_chaos_v1:baby_skeleton":1,"undead_revamp2:the_moonflower":1},"minecraft:crafted":{"minecraft:crafting_table":1,"minecraft:spruce_planks":8,"minecraft:stick":12,"minecraft:wooden_pickaxe":1,"minecraft:stone_pickaxe":1,"minecraft:stone_sword":1,"minecraft:furnace":1,"minecraft:torch":8,"minecraft:stone_axe":1},"minecraft:mined":{"minecraft:deepslate_brick_slab":2,"minecraft:spruce_planks":3,"minecraft:iron_ore":2,"minecraft:polished_basalt":1,"minecraft:spruce_log":2,"minecraft:black_carpet":1,"minecraft:crafting_table":2,"gravestone:gravestone":1,"minecraft:coal_ore":13,"minecraft:campfire":4,"minecraft:cobblestone":13,"minecraft:stone":27,"minecraft:oak_planks":2},"minecraft:custom":{"minecraft:time_since_rest":10794,"minecraft:sprint_one_cm":346,"minecraft:damage_taken":90,"minecraft:walk_one_cm":50371,"minecraft:mob_kills":2,"minecraft:drop":11,"minecraft:damage_dealt":343,"minecraft:interact_with_crafting_table":6,"minecraft:fly_one_cm":108,"minecraft:open_chest":3,"minecraft:crouch_one_cm":6608,"minecraft:play_time":10794,"minecraft:sneak_time":1562,"minecraft:walk_under_water_one_cm":1277,"minecraft:jump":123,"minecraft:walk_on_water_one_cm":1257,"minecraft:time_since_death":10794,"minecraft:total_world_time":10794,"minecraft:climb_one_cm":1194,"minecraft:fall_one_cm":1107},"minecraft:dropped":{"minecraft:dirt":10,"minecraft:stone_axe":1,"minecraft:shield":1,"minecraft:stone_sword":1,"minecraft:torch":27,"minecraft:cobblestone":49,"minecraft:oak_planks":11,"minecraft:stone_pickaxe":1,"minecraft:wooden_pickaxe":1,"minecraft:string":1},"minecraft:used":{"minecraft:stone_sword":12,"minecraft:stone_pickaxe":58,"minecraft:ladder":2,"minecraft:black_carpet":1,"minecraft:polished_basalt":1,"minecraft:wooden_pickaxe":4,"minecraft:stone_axe":2,"minecraft:torch":3,"minecraft:cobblestone":17,"minecraft:crafting_table":2,"minecraft:deepslate_brick_slab":2},"minecraft:picked_up":{"minecraft:raw_iron":2,"minecraft:charcoal":8,"minecraft:crafting_table":2,"minecraft:black_carpet":1,"minecraft:ladder":2,"minecraft:spruce_log":2,"minecraft:bone":2,"minecraft:deepslate_brick_slab":2,"minecraft:spruce_planks":3,"minecraft:polished_basalt":1,"minecraft:oak_planks":2,"minecraft:coal":10,"minecraft:cobblestone":38}},"DataVersion":3465}