{"stats":{"minecraft:used":{"minecraft:dark_oak_log":1,"minecraft:crafting_table":1,"minecraft:iron_axe":9,"minecraft:carrot":5},"minecraft:custom":{"minecraft:time_since_rest":10562,"minecraft:open_chest":2,"minecraft:play_time":10562,"minecraft:sprint_one_cm":44696,"minecraft:damage_taken":180,"minecraft:walk_one_cm":25797,"minecraft:jump":117,"minecraft:damage_dealt":26,"minecraft:leave_game":1,"minecraft:time_since_death":10562,"minecraft:total_world_time":10562,"minecraft:interact_with_crafting_table":2,"minecraft:fall_one_cm":5212,"minecraft:fly_one_cm":29464},"minecraft:mined":{"minecraft:grass":1,"minecraft:oak_log":4,"minecraft:melon":2,"minecraft:birch_log":9,"minecraft:dark_oak_log":1},"minecraft:picked_up":{"minecraft:iron_axe":1,"minecraft:stone_pickaxe":1,"minecraft:oak_log":4,"minecraft:carrot":30,"minecraft:melon_slice":14,"minecraft:dark_oak_log":1,"minecraft:birch_log":7},"minecraft:crafted":{"minecraft:oak_planks":16,"minecraft:birch_planks":28,"minecraft:crafting_table":1,"minecraft:stick":8}},"DataVersion":3465}