{"stats":{"minecraft:dropped":{"minecraft:moss_carpet":2,"minecraft:birch_planks":2,"minecraft:wheat_seeds":4,"minecraft:cobbled_deepslate":1,"minecraft:diamond":1,"minecraft:rotten_flesh":1,"minecraft:cobblestone":5,"minecraft:glow_berries":1,"minecraft:clay_ball":24,"minecraft:oak_planks":1,"minecraft:stick":2,"minecraft:gray_wool":1,"born_in_chaos_v1:black_argillite":2,"minecraft:azalea":1,"gravestone:obituary":1,"minecraft:wooden_sword":1,"minecraft:flowering_azalea":6,"minecraft:stone_pickaxe":1},"minecraft:used":{"minecraft:birch_planks":1,"minecraft:stone_pickaxe":43,"minecraft:shield":13,"minecraft:iron_sword":4,"minecraft:torch":14,"minecraft:golden_apple":1,"minecraft:dirt":1,"minecraft:crafting_table":9,"minecraft:carrot":42,"minecraft:orange_wool":1,"minecraft:dark_oak_planks":5,"minecraft:diamond_pickaxe":196,"minecraft:dark_oak_log":1,"minecraft:bread":1,"minecraft:iron_axe":78,"minecraft:melon_slice":8,"minecraft:iron_pickaxe":146,"minecraft:stone_axe":7,"minecraft:wooden_sword":3,"minecraft:furnace":1},"minecraft:custom":{"minecraft:interact_with_furnace":8,"minecraft:mob_kills":6,"minecraft:interact_with_crafting_table":27,"minecraft:interact_with_cartography_table":2,"minecraft:damage_dealt_resisted":166,"minecraft:leave_game":1,"minecraft:time_since_death":24295,"minecraft:climb_one_cm":994,"minecraft:time_since_rest":24786,"minecraft:sprint_one_cm":275662,"minecraft:damage_taken":1380,"minecraft:walk_one_cm":177824,"minecraft:damage_blocked_by_shield":250,"minecraft:drop":22,"minecraft:damage_dealt":1664,"minecraft:swim_one_cm":3031,"minecraft:talked_to_villager":2,"minecraft:fly_one_cm":104879,"minecraft:open_chest":8,"minecraft:play_time":64562,"minecraft:deaths":2,"minecraft:walk_under_water_one_cm":979,"minecraft:jump":704,"minecraft:walk_on_water_one_cm":5039,"minecraft:total_world_time":64562,"minecraft:fall_one_cm":21040},"minecraft:mined":{"minecraft:dark_oak_planks":5,"minecraft:deepslate_redstone_ore":13,"minecraft:tuff":47,"minecraft:flowering_azalea":6,"deep_dark_regrowth:sculk_ribs":1,"minecraft:deepslate_diamond_ore":10,"minecraft:dark_oak_log":1,"minecraft:orange_wool":1,"deep_dark_regrowth:fluorescent_moss":3,"born_in_chaos_v1:infected_deepslate_diamond_ore":2,"minecraft:clay":6,"minecraft:crafting_table":6,"minecraft:torch":3,"gravestone:gravestone":2,"minecraft:melon":2,"born_in_chaos_v1:black_argillite":1,"minecraft:tall_grass":5,"minecraft:deepslate_gold_ore":16,"minecraft:moss_block":1,"minecraft:sculk":13,"biomesoplenty:jacaranda_log":10,"minecraft:furnace":1,"minecraft:birch_log":10,"minecraft:iron_ore":5,"minecraft:deepslate_lapis_ore":3,"minecraft:birch_leaves":1,"minecraft:moss_carpet":2,"minecraft:grass":16,"minecraft:oak_log":4,"minecraft:cave_vines":3,"minecraft:deepslate_iron_ore":5,"minecraft:gravel":2,"minecraft:dirt":1,"minecraft:azalea":2,"minecraft:stone":5,"minecraft:small_dripleaf":1,"minecraft:deepslate":211,"minecraft:fern":1},"minecraft:picked_up":{"minecraft:birch_log":8,"born_in_chaos_v1:diamond_termite_shard":2,"born_in_chaos_v1:corpse_maggot":2,"minecraft:crafting_table":5,"minecraft:clay_ball":48,"minecraft:birch_planks":2,"minecraft:tuff":48,"minecraft:oak_log":4,"minecraft:lapis_lazuli":19,"born_in_chaos_v1:black_argillite":2,"minecraft:dirt":1,"minecraft:moss_carpet":2,"minecraft:iron_axe":1,"minecraft:wheat_seeds":4,"minecraft:cobbled_deepslate":213,"minecraft:raw_gold":17,"minecraft:iron_ingot":1,"minecraft:stone_pickaxe":2,"minecraft:azalea":1,"minecraft:melon_slice":14,"minecraft:moss_block":1,"minecraft:oak_planks":2,"minecraft:flowering_azalea":6,"minecraft:furnace":1,"minecraft:raw_iron":10,"minecraft:torch":13,"born_in_chaos_v1:ethereal_spirit":1,"minecraft:gravel":2,"minecraft:fermented_spider_eye":1,"minecraft:carrot":38,"minecraft:redstone":49,"minecraft:dark_oak_log":1,"minecraft:orange_wool":1,"minecraft:dark_oak_planks":6,"minecraft:rotten_flesh":1,"biomesoplenty:jacaranda_log":5,"minecraft:diamond":12,"minecraft:glow_berries":1,"minecraft:rail":2,"minecraft:cobblestone":11},"minecraft:crafted":{"minecraft:wooden_sword":1,"minecraft:oak_planks":16,"biomesoplenty:jacaranda_planks":20,"minecraft:crafting_table":5,"minecraft:iron_sword":1,"minecraft:birch_planks":32,"minecraft:stone_axe":1,"minecraft:diamond_helmet":1,"minecraft:iron_boots":1,"minecraft:diamond_pickaxe":1,"minecraft:shield":1,"minecraft:stick":24,"minecraft:iron_ingot":5,"minecraft:iron_pickaxe":1,"minecraft:stone_pickaxe":1},"minecraft:killed":{"graveyard:skeleton_creeper":1,"born_in_chaos_v1:diamond_termite":1,"born_in_chaos_v1:maggot":2,"minecraft:zombie":1,"born_in_chaos_v1:corpse_fly":1},"minecraft:killed_by":{"born_in_chaos_v1:spiritof_chaos":1,"born_in_chaos_v1:siamese_skeletonsleft":1}},"DataVersion":3465}