{"stats":{"minecraft:broken":{"minecraft:iron_pickaxe":1},"minecraft:crafted":{"minecraft:wooden_sword":1,"minecraft:oak_planks":16,"biomesoplenty:jacaranda_planks":36,"minecraft:crafting_table":6,"minecraft:iron_sword":1,"minecraft:birch_planks":32,"minecraft:stone_axe":1,"minecraft:diamond_helmet":1,"minecraft:iron_boots":1,"minecraft:diamond_pickaxe":1,"minecraft:shield":1,"minecraft:stick":24,"minecraft:iron_ingot":5,"minecraft:iron_pickaxe":1,"minecraft:stone_pickaxe":1},"minecraft:custom":{"minecraft:interact_with_furnace":8,"minecraft:mob_kills":8,"minecraft:interact_with_cartography_table":2,"minecraft:interact_with_crafting_table":27,"minecraft:damage_dealt_resisted":166,"minecraft:leave_game":2,"minecraft:time_since_death":38809,"minecraft:climb_one_cm":1459,"minecraft:time_since_rest":16001,"minecraft:sprint_one_cm":346636,"minecraft:damage_taken":1933,"minecraft:walk_one_cm":287293,"minecraft:damage_blocked_by_shield":850,"minecraft:drop":24,"minecraft:damage_dealt":2211,"minecraft:talked_to_villager":4,"minecraft:swim_one_cm":3031,"minecraft:fly_one_cm":149418,"minecraft:open_chest":10,"minecraft:play_time":109389,"minecraft:deaths":3,"minecraft:walk_under_water_one_cm":1079,"minecraft:jump":1215,"minecraft:walk_on_water_one_cm":6601,"minecraft:total_world_time":109389,"minecraft:fall_one_cm":28221},"minecraft:picked_up":{"minecraft:birch_log":8,"minecraft:crafting_table":5,"born_in_chaos_v1:diamond_termite_shard":2,"born_in_chaos_v1:corpse_maggot":2,"minecraft:clay_ball":56,"minecraft:andesite":5,"minecraft:birch_planks":2,"biomesoplenty:jacaranda_sapling":6,"minecraft:tuff":50,"minecraft:oak_log":4,"minecraft:chainmail_chestplate":1,"biomesoplenty:jacaranda_planks":16,"minecraft:dirt":1,"born_in_chaos_v1:black_argillite":2,"minecraft:lapis_lazuli":19,"minecraft:moss_carpet":2,"minecraft:iron_axe":1,"minecraft:wheat_seeds":4,"minecraft:cobbled_deepslate":315,"minecraft:raw_gold":17,"minecraft:stone_pickaxe":2,"minecraft:iron_ingot":1,"minecraft:azalea":1,"minecraft:iron_pickaxe":3,"minecraft:moss_block":11,"minecraft:melon_slice":14,"minecraft:oak_planks":2,"minecraft:flowering_azalea":6,"minecraft:furnace":1,"minecraft:stick":1,"minecraft:raw_iron":21,"minecraft:torch":21,"born_in_chaos_v1:ethereal_spirit":1,"minecraft:gravel":2,"minecraft:carrot":74,"minecraft:diorite":1,"minecraft:fermented_spider_eye":1,"minecraft:redstone":49,"minecraft:dark_oak_log":1,"minecraft:orange_wool":1,"minecraft:dark_oak_planks":6,"minecraft:rotten_flesh":2,"biomesoplenty:jacaranda_log":9,"minecraft:diamond":18,"minecraft:glow_berries":1,"minecraft:coal":12,"minecraft:rail":2,"minecraft:cobblestone":82},"minecraft:mined":{"minecraft:dark_oak_planks":5,"biomesoplenty:jacaranda_leaves":6,"minecraft:deepslate_redstone_ore":13,"minecraft:tuff":49,"minecraft:flowering_azalea":8,"minecraft:glass_pane":4,"deep_dark_regrowth:sculk_ribs":1,"minecraft:deepslate_diamond_ore":16,"minecraft:dark_oak_log":1,"minecraft:orange_wool":1,"minecraft:clay":8,"minecraft:crafting_table":6,"deep_dark_regrowth:fluorescent_moss":3,"born_in_chaos_v1:infected_deepslate_diamond_ore":2,"minecraft:torch":4,"gravestone:gravestone":2,"minecraft:melon":2,"born_in_chaos_v1:black_argillite":1,"minecraft:cobblestone":7,"minecraft:tall_grass":8,"minecraft:deepslate_gold_ore":16,"minecraft:moss_block":11,"minecraft:sculk":13,"minecraft:diorite":1,"minecraft:wall_torch":5,"biomesoplenty:jacaranda_log":14,"minecraft:furnace":1,"minecraft:birch_log":10,"minecraft:iron_ore":11,"minecraft:birch_leaves":1,"minecraft:andesite":5,"minecraft:moss_carpet":2,"minecraft:deepslate_lapis_ore":3,"minecraft:grass":27,"minecraft:oak_sign":1,"minecraft:oak_log":4,"minecraft:coal_ore":13,"minecraft:cave_vines":3,"minecraft:deepslate_iron_ore":9,"minecraft:gravel":2,"minecraft:dirt":1,"minecraft:azalea":3,"minecraft:stone":70,"minecraft:small_dripleaf":1,"minecraft:deepslate":314,"minecraft:fern":1},"minecraft:killed":{"graveyard:skeleton_creeper":1,"born_in_chaos_v1:diamond_termite":1,"born_in_chaos_v1:maggot":2,"minecraft:zombie":2,"born_in_chaos_v1:corpse_fly":2},"minecraft:killed_by":{"born_in_chaos_v1:spiritof_chaos":1,"cave_dweller:cave_dweller":1,"born_in_chaos_v1:siamese_skeletonsleft":1},"minecraft:dropped":{"minecraft:moss_carpet":2,"minecraft:birch_planks":2,"minecraft:wheat_seeds":4,"minecraft:cobbled_deepslate":1,"minecraft:diamond":1,"minecraft:rotten_flesh":1,"minecraft:glow_berries":1,"minecraft:cobblestone":5,"minecraft:clay_ball":24,"minecraft:oak_planks":1,"biomesoplenty:jacaranda_planks":16,"minecraft:stick":2,"minecraft:gray_wool":1,"born_in_chaos_v1:black_argillite":2,"minecraft:azalea":1,"gravestone:obituary":1,"minecraft:wooden_sword":1,"minecraft:flowering_azalea":6,"minecraft:stone_pickaxe":1,"minecraft:iron_pickaxe":1},"minecraft:used":{"minecraft:moss_block":4,"minecraft:birch_planks":1,"minecraft:stone_pickaxe":43,"minecraft:oak_planks":2,"minecraft:shield":28,"minecraft:iron_sword":4,"minecraft:torch":22,"minecraft:golden_apple":1,"minecraft:dirt":1,"minecraft:crafting_table":9,"minecraft:carrot":52,"minecraft:orange_wool":1,"minecraft:tuff":2,"biomesoplenty:jacaranda_planks":20,"minecraft:dark_oak_planks":5,"minecraft:diamond_pickaxe":242,"minecraft:bread":1,"minecraft:dark_oak_log":1,"minecraft:melon_slice":8,"minecraft:iron_axe":84,"minecraft:iron_pickaxe":353,"minecraft:stone_axe":7,"minecraft:wooden_sword":3,"minecraft:cobblestone":35,"minecraft:furnace":1,"minecraft:cobbled_deepslate":63}},"DataVersion":3465}