{"stats":{"minecraft:used":{"minecraft:dark_oak_log":1},"minecraft:custom":{"minecraft:jump":39,"minecraft:time_since_rest":2482,"minecraft:leave_game":1,"minecraft:sprint_one_cm":10863,"minecraft:play_time":2482,"minecraft:damage_taken":80,"minecraft:time_since_death":2482,"minecraft:walk_one_cm":1870,"minecraft:total_world_time":2482,"minecraft:fall_one_cm":1285,"minecraft:fly_one_cm":13295},"minecraft:mined":{"minecraft:dark_oak_log":1},"minecraft:picked_up":{"minecraft:dark_oak_log":1}},"DataVersion":3465}