{"stats":{"minecraft:dropped":{"minecraft:moss_carpet":2,"minecraft:birch_planks":2,"minecraft:wheat_seeds":4,"minecraft:cobbled_deepslate":1,"minecraft:diamond":1,"minecraft:rotten_flesh":1,"minecraft:cobblestone":5,"minecraft:glow_berries":1,"minecraft:gray_wool":1,"born_in_chaos_v1:black_argillite":2,"minecraft:azalea":1,"gravestone:obituary":1,"minecraft:wooden_sword":1,"minecraft:flowering_azalea":6},"minecraft:used":{"minecraft:stone_pickaxe":43,"minecraft:iron_sword":3,"minecraft:crafting_table":4,"minecraft:carrot":29,"minecraft:orange_wool":1,"minecraft:dark_oak_planks":5,"minecraft:dark_oak_log":1,"minecraft:iron_axe":65,"minecraft:melon_slice":5,"minecraft:iron_pickaxe":1,"minecraft:stone_axe":7,"minecraft:wooden_sword":3},"minecraft:custom":{"minecraft:interact_with_furnace":7,"minecraft:mob_kills":3,"minecraft:interact_with_crafting_table":19,"minecraft:interact_with_cartography_table":2,"minecraft:damage_dealt_resisted":8,"minecraft:leave_game":1,"minecraft:time_since_death":12135,"minecraft:climb_one_cm":994,"minecraft:time_since_rest":12161,"minecraft:sprint_one_cm":155763,"minecraft:damage_taken":970,"minecraft:walk_one_cm":99756,"minecraft:drop":17,"minecraft:damage_dealt":1141,"minecraft:swim_one_cm":3031,"minecraft:talked_to_villager":2,"minecraft:fly_one_cm":81339,"minecraft:open_chest":8,"minecraft:play_time":34562,"minecraft:deaths":1,"minecraft:walk_under_water_one_cm":917,"minecraft:jump":422,"minecraft:walk_on_water_one_cm":3554,"minecraft:total_world_time":34562,"minecraft:fall_one_cm":16776},"minecraft:mined":{"minecraft:dark_oak_planks":5,"minecraft:flowering_azalea":6,"minecraft:dark_oak_log":1,"minecraft:orange_wool":1,"minecraft:clay":6,"minecraft:crafting_table":4,"gravestone:gravestone":1,"minecraft:melon":2,"born_in_chaos_v1:black_argillite":1,"minecraft:tall_grass":5,"minecraft:moss_block":1,"biomesoplenty:jacaranda_log":10,"minecraft:furnace":1,"minecraft:birch_log":10,"minecraft:iron_ore":5,"minecraft:birch_leaves":1,"minecraft:moss_carpet":2,"minecraft:grass":16,"minecraft:oak_log":4,"minecraft:cave_vines":3,"minecraft:dirt":1,"minecraft:azalea":2,"minecraft:stone":5,"minecraft:small_dripleaf":1,"minecraft:deepslate":1,"minecraft:fern":1},"minecraft:picked_up":{"minecraft:birch_log":8,"minecraft:crafting_table":4,"minecraft:clay_ball":24,"minecraft:birch_planks":2,"minecraft:oak_log":4,"born_in_chaos_v1:black_argillite":2,"minecraft:dirt":1,"minecraft:moss_carpet":2,"minecraft:iron_axe":1,"minecraft:wheat_seeds":4,"minecraft:cobbled_deepslate":1,"minecraft:stone_pickaxe":1,"minecraft:azalea":1,"minecraft:melon_slice":14,"minecraft:moss_block":1,"minecraft:flowering_azalea":6,"minecraft:furnace":1,"minecraft:raw_iron":5,"minecraft:torch":11,"minecraft:carrot":38,"minecraft:dark_oak_log":1,"minecraft:orange_wool":1,"minecraft:dark_oak_planks":5,"minecraft:rotten_flesh":1,"biomesoplenty:jacaranda_log":5,"minecraft:diamond":1,"minecraft:glow_berries":1,"minecraft:cobblestone":11},"minecraft:crafted":{"minecraft:wooden_sword":1,"minecraft:oak_planks":16,"biomesoplenty:jacaranda_planks":20,"minecraft:crafting_table":3,"minecraft:iron_sword":1,"minecraft:birch_planks":32,"minecraft:stone_axe":1,"minecraft:stick":24,"minecraft:iron_ingot":5,"minecraft:iron_pickaxe":1,"minecraft:stone_pickaxe":1},"minecraft:killed":{"born_in_chaos_v1:maggot":2,"minecraft:zombie":1},"minecraft:killed_by":{"born_in_chaos_v1:siamese_skeletonsleft":1}},"DataVersion":3465}