{"stats":{"minecraft:killed":{"born_in_chaos_v1:diamond_termite":5,"sons_of_sins:betrayed_guzzler":1,"born_in_chaos_v1:dread_hound":2,"arphex:ant_arsonist":1},"minecraft:picked_up":{"minecraft:crafting_table":2,"born_in_chaos_v1:diamond_termite_shard":5,"minecraft:clay_ball":10,"born_in_chaos_v1:monster_flesh":1,"minecraft:diamond_sword":1,"minecraft:tuff":18,"gravestone:obituary":4,"biomesoplenty:jacaranda_planks":4,"minecraft:dirt":5,"minecraft:lapis_lazuli":4,"born_in_chaos_v1:monster_skin":2,"minecraft:bone":2,"minecraft:wheat_seeds":1,"minecraft:cobbled_deepslate":32,"arphex:burning_glands":1,"minecraft:stone_pickaxe":1,"born_in_chaos_v1:gnawed_bones":2,"minecraft:azalea":1,"minecraft:iron_pickaxe":1,"minecraft:flowering_azalea":1,"minecraft:furnace":2,"minecraft:dark_oak_sapling":1,"minecraft:raw_iron":36,"born_in_chaos_v1:ethereal_spirit":2,"minecraft:torch":7,"minecraft:gravel":4,"minecraft:carrot":53,"minecraft:dark_oak_log":10,"sons_of_sins:flesh_of_demise":1,"minecraft:dark_oak_planks":3,"undead_revamp2:rawbostrox":1,"born_in_chaos_v1:fire_dust":3,"minecraft:tropical_fish":5,"minecraft:stone_axe":1,"minecraft:baked_potato":10,"minecraft:glow_berries":24,"minecraft:coal":1,"minecraft:crimson_roots":4,"minecraft:rail":1,"minecraft:cobblestone":30},"minecraft:mined":{"minecraft:dark_oak_planks":2,"minecraft:tuff":14,"minecraft:flowering_azalea":1,"deep_dark_regrowth:trapped_stone_tiles":2,"deep_dark_regrowth:sculk_soil":1,"minecraft:dark_oak_leaves":5,"biomesoplenty:jacaranda_planks":6,"minecraft:dark_oak_log":12,"minecraft:clay":1,"minecraft:crafting_table":2,"minecraft:torch":1,"born_in_chaos_v1:infected_deepslate_diamond_ore":4,"gravestone:gravestone":10,"minecraft:cave_vines_plant":14,"minecraft:crimson_roots":4,"minecraft:cobblestone":3,"minecraft:tall_grass":3,"minecraft:sculk":5,"minecraft:wall_torch":1,"minecraft:furnace":2,"minecraft:carrots":15,"undead_revamp2:bostroxore":1,"minecraft:iron_ore":10,"minecraft:cobbled_deepslate":4,"minecraft:deepslate_lapis_ore":1,"minecraft:grass":6,"minecraft:cave_vines":17,"minecraft:deepslate_iron_ore":20,"minecraft:rail":1,"minecraft:gravel":6,"minecraft:dirt":12,"minecraft:azalea":2,"minecraft:stone":1,"minecraft:deepslate":31},"minecraft:crafted":{"minecraft:crafting_table":1,"minecraft:furnace":1,"minecraft:air":0,"minecraft:stick":16,"minecraft:iron_ingot":10,"minecraft:iron_pickaxe":1,"minecraft:iron_leggings":1,"minecraft:dark_oak_planks":40},"minecraft:killed_by":{"man:managgresive":1,"minecraft:player":2,"born_in_chaos_v1:diamond_termite":1,"minecraft:skeleton":1,"minecraft:iron_golem":1,"born_in_chaos_v1:dread_hound":1},"minecraft:custom":{"minecraft:interact_with_furnace":7,"minecraft:mob_kills":9,"minecraft:interact_with_crafting_table":3,"minecraft:open_barrel":3,"minecraft:bell_ring":114,"minecraft:interact_with_stonecutter":1,"minecraft:damage_dealt_resisted":10,"minecraft:time_since_death":13594,"minecraft:sleep_in_bed":3,"minecraft:climb_one_cm":1020,"minecraft:time_since_rest":13753,"minecraft:sprint_one_cm":219646,"minecraft:damage_taken":3429,"minecraft:walk_one_cm":390341,"minecraft:drop":20,"minecraft:damage_dealt":1900,"minecraft:swim_one_cm":502,"minecraft:talked_to_villager":3,"minecraft:fly_one_cm":325985,"minecraft:open_chest":11,"minecraft:crouch_one_cm":36801,"minecraft:play_time":118779,"minecraft:walk_under_water_one_cm":255,"minecraft:deaths":9,"minecraft:sneak_time":9009,"minecraft:jump":1965,"minecraft:walk_on_water_one_cm":14690,"minecraft:total_world_time":118779,"minecraft:fall_one_cm":58107},"minecraft:used":{"born_in_chaos_v1:ethereal_spirit":9,"minecraft:tropical_fish":5,"minecraft:stone_pickaxe":19,"minecraft:baked_potato":10,"minecraft:torch":6,"minecraft:glow_berries":36,"minecraft:rail":1,"minecraft:crafting_table":2,"minecraft:carrot":21,"minecraft:tuff":1,"biomesoplenty:jacaranda_planks":4,"minecraft:dark_oak_planks":19,"minecraft:iron_pickaxe":86,"minecraft:gravel":4,"minecraft:stone_axe":56,"sons_of_sins:flesh_of_demise":1,"minecraft:cobblestone":30,"minecraft:furnace":2,"minecraft:cobbled_deepslate":8},"minecraft:dropped":{"minecraft:wheat_seeds":1,"minecraft:dark_oak_sapling":1,"born_in_chaos_v1:ethereal_spirit":2,"minecraft:diamond_sword":1,"minecraft:azalea":1,"gravestone:obituary":13,"minecraft:flowering_azalea":1}},"DataVersion":3465}