{"stats":{"minecraft:killed":{"born_in_chaos_v1:diamond_termite":5,"born_in_chaos_v1:thornshell_crab":1,"sons_of_sins:betrayed_guzzler":1,"born_in_chaos_v1:dread_hound":2,"arphex:ant_arsonist":1},"minecraft:picked_up":{"born_in_chaos_v1:diamond_termite_shard":5,"minecraft:crafting_table":3,"minecraft:clay_ball":10,"born_in_chaos_v1:monster_flesh":1,"minecraft:diamond_sword":1,"minecraft:tuff":18,"gravestone:obituary":4,"biomesoplenty:jacaranda_planks":4,"minecraft:dirt":9,"minecraft:lapis_lazuli":4,"minecraft:raw_copper":2,"born_in_chaos_v1:monster_skin":2,"minecraft:bone":2,"minecraft:wheat_seeds":1,"minecraft:cobbled_deepslate":32,"arphex:burning_glands":1,"minecraft:stone_pickaxe":1,"born_in_chaos_v1:gnawed_bones":2,"minecraft:azalea":1,"minecraft:iron_pickaxe":1,"minecraft:melon_slice":8,"minecraft:flowering_azalea":1,"minecraft:furnace":2,"minecraft:dark_oak_sapling":1,"minecraft:raw_iron":36,"minecraft:torch":7,"born_in_chaos_v1:ethereal_spirit":2,"minecraft:gravel":4,"minecraft:carrot":53,"minecraft:dark_oak_log":10,"sons_of_sins:flesh_of_demise":1,"minecraft:dark_oak_planks":4,"undead_revamp2:rawbostrox":1,"born_in_chaos_v1:fire_dust":3,"minecraft:tropical_fish":5,"minecraft:stone_axe":1,"born_in_chaos_v1:spiny_shell":3,"minecraft:baked_potato":10,"minecraft:glow_berries":24,"minecraft:coal":8,"minecraft:crimson_roots":4,"minecraft:rail":1,"minecraft:cobblestone":38},"minecraft:mined":{"minecraft:dark_oak_planks":3,"minecraft:podzol":1,"minecraft:tuff":14,"minecraft:flowering_azalea":1,"deep_dark_regrowth:trapped_stone_tiles":2,"deep_dark_regrowth:sculk_soil":1,"minecraft:dark_oak_leaves":5,"biomesoplenty:jacaranda_planks":6,"minecraft:dark_oak_log":12,"minecraft:crafting_table":3,"minecraft:clay":1,"gravestone:gravestone":10,"born_in_chaos_v1:infected_deepslate_diamond_ore":4,"minecraft:torch":1,"minecraft:cave_vines_plant":14,"minecraft:crimson_roots":4,"minecraft:copper_ore":1,"minecraft:tall_grass":3,"minecraft:cobblestone":3,"minecraft:sculk":5,"minecraft:wall_torch":1,"minecraft:furnace":2,"minecraft:carrots":15,"undead_revamp2:bostroxore":1,"minecraft:iron_ore":10,"minecraft:cobbled_deepslate":4,"minecraft:deepslate_lapis_ore":1,"minecraft:grass":7,"minecraft:coal_ore":7,"minecraft:cave_vines":17,"minecraft:deepslate_iron_ore":20,"minecraft:rail":1,"minecraft:gravel":6,"minecraft:dirt":15,"minecraft:azalea":2,"minecraft:stone":9,"minecraft:deepslate":31},"minecraft:crafted":{"minecraft:crafting_table":1,"minecraft:iron_helmet":1,"minecraft:furnace":1,"minecraft:bucket":1,"minecraft:air":0,"minecraft:iron_boots":1,"minecraft:iron_axe":1,"minecraft:stick":20,"minecraft:iron_ingot":36,"minecraft:iron_pickaxe":1,"minecraft:iron_leggings":1,"minecraft:dark_oak_planks":40},"minecraft:killed_by":{"man:managgresive":1,"minecraft:player":2,"born_in_chaos_v1:diamond_termite":1,"minecraft:skeleton":1,"minecraft:iron_golem":1,"born_in_chaos_v1:dread_hound":1},"minecraft:custom":{"minecraft:interact_with_furnace":18,"minecraft:mob_kills":10,"minecraft:interact_with_crafting_table":6,"minecraft:open_barrel":3,"minecraft:bell_ring":114,"minecraft:damage_dealt_resisted":10,"minecraft:interact_with_stonecutter":1,"minecraft:leave_game":1,"minecraft:time_since_death":61319,"minecraft:sleep_in_bed":3,"minecraft:climb_one_cm":1164,"minecraft:time_since_rest":12869,"minecraft:sprint_one_cm":355566,"minecraft:damage_taken":3979,"minecraft:walk_one_cm":444663,"minecraft:drop":35,"minecraft:damage_dealt":2271,"minecraft:talked_to_villager":3,"minecraft:swim_one_cm":30072,"minecraft:fly_one_cm":501849,"minecraft:open_chest":14,"minecraft:crouch_one_cm":37734,"minecraft:play_time":166504,"minecraft:deaths":9,"minecraft:sneak_time":9247,"minecraft:walk_under_water_one_cm":4684,"minecraft:jump":2853,"minecraft:walk_on_water_one_cm":19365,"minecraft:total_world_time":166504,"minecraft:fall_one_cm":89290},"minecraft:dropped":{"minecraft:stone_axe":1,"minecraft:wheat_seeds":1,"minecraft:dark_oak_sapling":1,"born_in_chaos_v1:ethereal_spirit":2,"minecraft:spectral_arrow":2,"minecraft:diamond_sword":1,"minecraft:dirt":5,"born_in_chaos_v1:gnawed_bones":1,"minecraft:melon_slice":4,"minecraft:azalea":1,"gravestone:obituary":13,"minecraft:flowering_azalea":1,"minecraft:bone":2},"minecraft:used":{"minecraft:water_bucket":2,"born_in_chaos_v1:ethereal_spirit":9,"minecraft:tropical_fish":5,"minecraft:stone_pickaxe":19,"minecraft:baked_potato":10,"minecraft:iron_sword":9,"minecraft:torch":6,"minecraft:glow_berries":36,"minecraft:rail":1,"minecraft:crafting_table":3,"minecraft:carrot":45,"minecraft:tuff":1,"biomesoplenty:jacaranda_planks":4,"minecraft:dark_oak_planks":22,"minecraft:iron_axe":2,"minecraft:melon_slice":4,"minecraft:iron_pickaxe":103,"minecraft:gravel":4,"minecraft:stone_axe":56,"sons_of_sins:flesh_of_demise":1,"minecraft:cobblestone":30,"minecraft:furnace":2,"minecraft:bucket":3,"minecraft:potato":25,"minecraft:cobbled_deepslate":8}},"DataVersion":3465}