{"stats":{"minecraft:killed":{"born_in_chaos_v1:diamond_termite":5,"sons_of_sins:betrayed_guzzler":1,"born_in_chaos_v1:dread_hound":2},"minecraft:picked_up":{"minecraft:crafting_table":1,"born_in_chaos_v1:diamond_termite_shard":5,"minecraft:clay_ball":10,"born_in_chaos_v1:monster_flesh":1,"minecraft:diamond_sword":1,"minecraft:tuff":16,"gravestone:obituary":2,"biomesoplenty:jacaranda_planks":4,"minecraft:dirt":5,"minecraft:lapis_lazuli":4,"born_in_chaos_v1:monster_skin":2,"minecraft:bone":2,"minecraft:wheat_seeds":1,"minecraft:cobbled_deepslate":22,"minecraft:stone_pickaxe":1,"born_in_chaos_v1:gnawed_bones":2,"minecraft:azalea":1,"minecraft:iron_pickaxe":1,"minecraft:flowering_azalea":1,"minecraft:furnace":1,"minecraft:dark_oak_sapling":1,"minecraft:raw_iron":36,"born_in_chaos_v1:ethereal_spirit":2,"minecraft:torch":7,"minecraft:carrot":6,"minecraft:dark_oak_log":10,"sons_of_sins:flesh_of_demise":1,"minecraft:dark_oak_planks":1,"undead_revamp2:rawbostrox":1,"minecraft:tropical_fish":5,"minecraft:stone_axe":1,"minecraft:baked_potato":10,"minecraft:glow_berries":24,"minecraft:coal":1,"minecraft:rail":1,"minecraft:cobblestone":30},"minecraft:mined":{"minecraft:tuff":14,"minecraft:flowering_azalea":1,"deep_dark_regrowth:trapped_stone_tiles":2,"minecraft:dark_oak_leaves":5,"biomesoplenty:jacaranda_planks":6,"minecraft:dark_oak_log":12,"minecraft:clay":1,"minecraft:crafting_table":1,"minecraft:torch":1,"born_in_chaos_v1:infected_deepslate_diamond_ore":4,"gravestone:gravestone":8,"minecraft:cave_vines_plant":14,"minecraft:cobblestone":3,"minecraft:tall_grass":3,"minecraft:sculk":1,"minecraft:wall_torch":1,"minecraft:furnace":1,"undead_revamp2:bostroxore":1,"minecraft:iron_ore":10,"minecraft:cobbled_deepslate":4,"minecraft:deepslate_lapis_ore":1,"minecraft:grass":5,"minecraft:cave_vines":17,"minecraft:deepslate_iron_ore":20,"minecraft:rail":1,"minecraft:dirt":12,"minecraft:azalea":2,"minecraft:stone":1,"minecraft:deepslate":19},"minecraft:crafted":{"minecraft:crafting_table":1,"minecraft:furnace":1,"minecraft:air":0,"minecraft:stick":16,"minecraft:iron_ingot":3,"minecraft:iron_pickaxe":1,"minecraft:dark_oak_planks":40},"minecraft:killed_by":{"minecraft:player":1,"born_in_chaos_v1:diamond_termite":1,"minecraft:skeleton":1,"minecraft:iron_golem":1,"born_in_chaos_v1:dread_hound":1},"minecraft:custom":{"minecraft:interact_with_furnace":3,"minecraft:mob_kills":8,"minecraft:interact_with_crafting_table":2,"minecraft:open_barrel":3,"minecraft:damage_dealt_resisted":10,"minecraft:time_since_death":4239,"minecraft:sleep_in_bed":3,"minecraft:climb_one_cm":1020,"minecraft:time_since_rest":4272,"minecraft:sprint_one_cm":156029,"minecraft:damage_taken":2873,"minecraft:walk_one_cm":297354,"minecraft:drop":5,"minecraft:damage_dealt":1686,"minecraft:talked_to_villager":1,"minecraft:fly_one_cm":241421,"minecraft:open_chest":8,"minecraft:crouch_one_cm":33061,"minecraft:play_time":94779,"minecraft:deaths":7,"minecraft:sneak_time":8073,"minecraft:jump":1581,"minecraft:walk_on_water_one_cm":14335,"minecraft:total_world_time":94779,"minecraft:fall_one_cm":49789},"minecraft:used":{"born_in_chaos_v1:ethereal_spirit":9,"minecraft:tropical_fish":5,"minecraft:stone_pickaxe":19,"minecraft:baked_potato":10,"minecraft:torch":6,"minecraft:glow_berries":36,"minecraft:rail":1,"minecraft:crafting_table":1,"minecraft:carrot":11,"minecraft:tuff":1,"biomesoplenty:jacaranda_planks":4,"minecraft:dark_oak_planks":16,"minecraft:iron_pickaxe":70,"minecraft:stone_axe":37,"sons_of_sins:flesh_of_demise":1,"minecraft:cobblestone":28,"minecraft:furnace":1,"minecraft:cobbled_deepslate":8},"minecraft:dropped":{"minecraft:wheat_seeds":1,"minecraft:dark_oak_sapling":1,"born_in_chaos_v1:ethereal_spirit":1,"minecraft:diamond_sword":1,"gravestone:obituary":1}},"DataVersion":3465}