{"stats":{"minecraft:mined":{"minecraft:dirt":4,"minecraft:gray_carpet":1,"minecraft:oak_planks":4},"minecraft:killed_by":{"undead_revamp2:thespitter":1},"minecraft:custom":{"minecraft:time_since_rest":6456,"minecraft:crouch_one_cm":1566,"minecraft:play_time":25039,"minecraft:interact_with_furnace":1,"minecraft:sprint_one_cm":3281,"minecraft:deaths":1,"minecraft:damage_taken":440,"minecraft:walk_one_cm":29168,"minecraft:sneak_time":1439,"minecraft:jump":252,"minecraft:damage_dealt":519,"minecraft:leave_game":11,"minecraft:time_since_death":14716,"minecraft:sleep_in_bed":1,"minecraft:climb_one_cm":1758,"minecraft:total_world_time":25039,"minecraft:fly_one_cm":5584,"minecraft:fall_one_cm":5066,"minecraft:player_kills":2},"minecraft:used":{"minecraft:dirt":6,"minecraft:cobblestone":2,"minecraft:oak_planks":2},"minecraft:picked_up":{"minecraft:oak_planks":4,"minecraft:dirt":6,"minecraft:cobblestone":2}},"DataVersion":3465}