{"stats":{"minecraft:mined":{"minecraft:dark_oak_planks":5,"minecraft:tuff":14,"minecraft:farmland":1,"deep_dark_regrowth:trapped_stone_tiles":2,"deep_dark_regrowth:sculk_soil":1,"minecraft:dark_oak_leaves":5,"minecraft:dark_oak_log":12,"minecraft:cave_vines_plant":14,"gravestone:gravestone":10,"minecraft:crimson_roots":4,"minecraft:large_fern":3,"minecraft:furnace":2,"minecraft:carrots":15,"undead_revamp2:bostroxore":1,"minecraft:fire":8,"minecraft:iron_ore":10,"minecraft:cobbled_deepslate":4,"minecraft:deepslate_lapis_ore":1,"minecraft:cave_vines":17,"minecraft:deepslate_iron_ore":20,"minecraft:rail":1,"minecraft:azalea":2,"minecraft:stone":11,"minecraft:podzol":1,"minecraft:flowering_azalea":1,"biomesoplenty:jacaranda_planks":6,"minecraft:clay":1,"minecraft:crafting_table":3,"born_in_chaos_v1:infected_deepslate_diamond_ore":4,"minecraft:torch":1,"minecraft:melon":2,"minecraft:cobblestone":3,"minecraft:copper_ore":1,"minecraft:tall_grass":6,"minecraft:sculk":5,"minecraft:wall_torch":1,"minecraft:grass":10,"minecraft:coal_ore":42,"minecraft:gravel":6,"minecraft:dirt":15,"minecraft:deepslate":31,"minecraft:fern":2},"minecraft:killed":{"born_in_chaos_v1:thornshell_crab":1,"minecraft:chicken":1,"arphex:ant_arsonist":1,"undead_revamp2:sucker":1,"minecraft:pig":11,"born_in_chaos_v1:diamond_termite":5,"minecraft:sheep":3,"sons_of_sins:betrayed_guzzler":1,"born_in_chaos_v1:dread_hound":2},"minecraft:dropped":{"minecraft:wheat_seeds":1,"minecraft:dark_oak_sapling":1,"minecraft:cobblestone":2,"minecraft:spectral_arrow":2,"minecraft:dirt":9,"born_in_chaos_v1:gnawed_bones":1,"minecraft:crimson_roots":4,"minecraft:melon_slice":4,"gravestone:obituary":13,"minecraft:flowering_azalea":1,"minecraft:gold_ingot":1,"minecraft:bone":2,"minecraft:stone_axe":1,"minecraft:raw_copper":2,"minecraft:tuff":17,"minecraft:obsidian":1,"born_in_chaos_v1:ethereal_spirit":2,"minecraft:diamond_sword":1,"born_in_chaos_v1:spiny_shell":3,"minecraft:golden_leggings":2,"minecraft:azalea":1,"minecraft:stone_pickaxe":1},"minecraft:picked_up":{"born_in_chaos_v1:diamond_termite_shard":5,"minecraft:crafting_table":3,"minecraft:clay_ball":10,"minecraft:diamond_sword":1,"gravestone:obituary":4,"minecraft:raw_copper":2,"minecraft:cobbled_deepslate":32,"born_in_chaos_v1:gnawed_bones":2,"minecraft:azalea":1,"minecraft:iron_pickaxe":1,"minecraft:melon_slice":17,"minecraft:furnace":2,"minecraft:dark_oak_sapling":1,"minecraft:raw_iron":36,"minecraft:torch":7,"minecraft:porkchop":27,"minecraft:carrot":53,"minecraft:dark_oak_planks":5,"minecraft:tropical_fish":5,"born_in_chaos_v1:spiny_shell":3,"minecraft:glow_berries":24,"minecraft:mutton":6,"minecraft:rail":1,"minecraft:cobblestone":40,"born_in_chaos_v1:monster_flesh":1,"minecraft:golden_leggings":2,"minecraft:tuff":18,"biomesoplenty:jacaranda_planks":4,"minecraft:lapis_lazuli":4,"minecraft:dirt":9,"born_in_chaos_v1:monster_skin":2,"minecraft:bone":2,"minecraft:wheat_seeds":1,"arphex:burning_glands":1,"minecraft:stone_pickaxe":2,"minecraft:flowering_azalea":1,"born_in_chaos_v1:ethereal_spirit":2,"minecraft:gravel":4,"minecraft:dark_oak_log":10,"sons_of_sins:flesh_of_demise":1,"undead_revamp2:rawbostrox":1,"born_in_chaos_v1:fire_dust":3,"minecraft:stone_axe":1,"minecraft:bone_meal":1,"minecraft:baked_potato":10,"minecraft:coal":43,"minecraft:crimson_roots":4},"minecraft:crafted":{"minecraft:furnace":2,"minecraft:cooked_mutton":6,"minecraft:flint_and_steel":2,"minecraft:iron_boots":1,"minecraft:iron_axe":1,"minecraft:dark_oak_planks":40,"minecraft:cooked_porkchop":27,"minecraft:crafting_table":1,"minecraft:iron_helmet":1,"minecraft:bucket":1,"minecraft:air":0,"minecraft:stick":20,"minecraft:iron_ingot":36,"minecraft:iron_pickaxe":1,"minecraft:iron_leggings":1},"minecraft:custom":{"minecraft:mob_kills":26,"minecraft:interact_with_crafting_table":8,"minecraft:open_barrel":6,"minecraft:bell_ring":114,"minecraft:damage_dealt_resisted":10,"minecraft:leave_game":3,"minecraft:time_since_death":90117,"minecraft:climb_one_cm":1384,"minecraft:sprint_one_cm":381707,"minecraft:walk_one_cm":504507,"minecraft:drop":62,"minecraft:talked_to_villager":4,"minecraft:play_time":195302,"minecraft:deaths":9,"minecraft:sneak_time":11733,"minecraft:walk_under_water_one_cm":5814,"minecraft:jump":3116,"minecraft:walk_on_water_one_cm":21663,"minecraft:total_world_time":195302,"minecraft:interact_with_furnace":42,"minecraft:interact_with_stonecutter":1,"minecraft:sleep_in_bed":3,"minecraft:time_since_rest":15673,"minecraft:damage_taken":4389,"minecraft:damage_dealt":3759,"minecraft:swim_one_cm":31311,"minecraft:fly_one_cm":545483,"minecraft:open_chest":15,"minecraft:crouch_one_cm":48135,"minecraft:interact_with_smoker":14,"minecraft:fall_one_cm":95280},"minecraft:killed_by":{"minecraft:player":2,"minecraft:iron_golem":1,"man:managgresive":1,"born_in_chaos_v1:diamond_termite":1,"minecraft:skeleton":1,"born_in_chaos_v1:dread_hound":1},"minecraft:used":{"minecraft:flint_and_steel":19,"born_in_chaos_v1:ethereal_spirit":9,"minecraft:tropical_fish":5,"minecraft:iron_sword":56,"minecraft:torch":6,"minecraft:carrot":58,"minecraft:tuff":1,"minecraft:dark_oak_planks":23,"minecraft:iron_axe":4,"minecraft:furnace":4,"minecraft:potato":25,"minecraft:cobbled_deepslate":8,"minecraft:water_bucket":5,"minecraft:stone_pickaxe":19,"minecraft:baked_potato":10,"minecraft:glow_berries":36,"minecraft:rail":1,"minecraft:crafting_table":4,"biomesoplenty:jacaranda_planks":4,"minecraft:melon_slice":9,"minecraft:iron_pickaxe":141,"minecraft:gravel":4,"minecraft:stone_axe":56,"sons_of_sins:flesh_of_demise":1,"minecraft:cobblestone":30,"minecraft:bucket":5}},"DataVersion":3465}