{"stats":{"minecraft:custom":{"minecraft:jump":123,"minecraft:time_since_rest":2069,"minecraft:damage_dealt":196,"minecraft:crouch_one_cm":932,"minecraft:damage_taken":240,"minecraft:leave_game":8,"minecraft:play_time":12022,"minecraft:walk_one_cm":8976,"minecraft:time_since_death":1699,"minecraft:deaths":1,"minecraft:sneak_time":1031,"minecraft:total_world_time":12022,"minecraft:climb_one_cm":1043,"minecraft:fall_one_cm":1651,"minecraft:fly_one_cm":439,"minecraft:player_kills":1},"minecraft:killed_by":{"undead_revamp2:thespitter":1},"minecraft:picked_up":{"minecraft:oak_planks":4},"minecraft:mined":{"minecraft:oak_planks":4}},"DataVersion":3465}