{"stats":{"minecraft:picked_up":{"minecraft:dark_oak_sapling":1,"minecraft:raw_iron":2,"minecraft:torch":1,"born_in_chaos_v1:ethereal_spirit":2,"biomesoplenty:jacaranda_planks":4,"minecraft:carrot":6,"minecraft:dark_oak_log":10,"minecraft:stone_axe":1,"minecraft:wheat_seeds":1,"minecraft:azalea":1,"minecraft:baked_potato":3,"minecraft:glow_berries":7,"minecraft:coal":1},"minecraft:mined":{"minecraft:flowering_azalea":1,"minecraft:dark_oak_leaves":5,"biomesoplenty:jacaranda_planks":6,"minecraft:dark_oak_log":12,"minecraft:cave_vines_plant":3,"gravestone:gravestone":3,"minecraft:grass":4,"minecraft:cave_vines":7,"minecraft:tall_grass":2,"minecraft:azalea":2},"minecraft:crafted":{"minecraft:stick":16,"minecraft:dark_oak_planks":40},"minecraft:killed_by":{"minecraft:iron_golem":1},"minecraft:custom":{"minecraft:time_since_rest":3303,"minecraft:sprint_one_cm":64180,"minecraft:damage_taken":1178,"minecraft:walk_one_cm":98970,"minecraft:drop":3,"minecraft:damage_dealt":364,"minecraft:talked_to_villager":1,"minecraft:fly_one_cm":109932,"minecraft:open_barrel":3,"minecraft:open_chest":6,"minecraft:crouch_one_cm":5045,"minecraft:play_time":34779,"minecraft:deaths":2,"minecraft:sneak_time":951,"minecraft:damage_dealt_resisted":1,"minecraft:jump":535,"minecraft:time_since_death":3271,"minecraft:walk_on_water_one_cm":3021,"minecraft:sleep_in_bed":3,"minecraft:climb_one_cm":314,"minecraft:total_world_time":34779,"minecraft:fall_one_cm":16645},"minecraft:used":{"born_in_chaos_v1:ethereal_spirit":9,"minecraft:baked_potato":3,"minecraft:stone_axe":7,"minecraft:torch":1,"minecraft:glow_berries":9,"minecraft:carrot":9,"biomesoplenty:jacaranda_planks":4},"minecraft:dropped":{"minecraft:wheat_seeds":1,"minecraft:dark_oak_sapling":1,"born_in_chaos_v1:ethereal_spirit":1}},"DataVersion":3465}